F1, 10.6102, 10.6102, Average RTT
F1, 11.7102, 11.1602, Average RTT
F1, 15.7102, 12.6769, Average RTT
F1, 16.8102, 13.7102, Average RTT
F1, 19.8102, 14.9302, Average RTT
F1, 23.8102, 16.4102, Average RTT
F1, 24.9102, 17.6245, Average RTT
F1, 29.1102, 19.0602, Average RTT
F1, 30.0102, 20.2769, Average RTT
F1, 31.3102, 21.3802, Average RTT
F1, 37.0102, 22.8011, Average RTT
F1, 38.1102, 24.0769, Average RTT
F1, 41.1102, 25.3872, Average RTT
F1, 42.4102, 26.6031, Average RTT
F1, 47.2102, 27.9769, Average RTT
F1, 48.5102, 29.2602, Average RTT
F1, 52.3102, 30.6161, Average RTT
F1, 53.5102, 31.888, Average RTT
F1, 58.3102, 33.2787, Average RTT
F1, 59.4102, 34.5852, Average RTT
F1, 63.6102, 35.9674, Average RTT
F1, 64.5102, 37.2648, Average RTT
F1, 68.5102, 38.6233, Average RTT
F1, 69.6102, 39.9144, Average RTT
F1, 73.8102, 41.2702, Average RTT
F1, 74.6102, 42.5525, Average RTT
F1, 78.6102, 43.888, Average RTT
F1, 81.9102, 45.246, Average RTT
F1, 82.8102, 46.5413, Average RTT
F1, 86.8102, 47.8836, Average RTT
F1, 87.8102, 49.1715, Average RTT
F1, 92.8102, 50.5352, Average RTT
F1, 93.9102, 51.8496, Average RTT
F1, 96.9102, 53.1749, Average RTT
F1, 98.2102, 54.4617, Average RTT
F1, 103.11, 55.813, Average RTT
F1, 104.21, 57.1211, Average RTT
F1, 107.11, 58.4366, Average RTT
F1, 110.21, 59.7641, Average RTT
F1, 111.51, 61.0577, Average RTT
F1, 113.11, 62.3273, Average RTT
F1, 113.71, 63.5507, Average RTT
F1, 113.81, 64.7195, Average RTT
F1, 114.31, 65.8466, Average RTT
F1, 114.41, 66.9258, Average RTT
F1, 114.71, 67.9646, Average RTT
F1, 115.21, 68.9698, Average RTT
F1, 115.51, 69.9394, Average RTT
F1, 115.91, 70.8776, Average RTT
F1, 116.31, 71.7662, Average RTT
F1, 116.51, 72.624, Average RTT
F1, 117.01, 73.4583, Average RTT
F1, 117.41, 74.2687, Average RTT
F1, 117.71, 75.0547, Average RTT
F1, 118.21, 75.8211, Average RTT
F1, 118.31, 76.562, Average RTT
F1, 118.61, 77.2822, Average RTT
F1, 119.21, 77.9878, Average RTT
F1, 119.61, 78.6763, Average RTT
F1, 119.71, 79.3436, Average RTT
F1, 120.11, 79.9955, Average RTT
F1, 120.51, 80.6328, Average RTT
F1, 120.61, 81.2515, Average RTT
F1, 120.91, 81.8556, Average RTT
F1, 121.21, 82.4456, Average RTT
F1, 121.61, 83.0239, Average RTT
F1, 122.11, 83.5923, Average RTT
F1, 122.31, 84.147, Average RTT
F1, 122.81, 84.6928, Average RTT
F1, 123.01, 85.226, Average RTT
F1, 123.41, 85.7497, Average RTT
F1, 123.51, 86.2602, Average RTT
F1, 123.91, 86.7623, Average RTT
F1, 124.61, 87.2602, Average RTT
F1, 124.91, 87.7489, Average RTT
F1, 125.11, 88.2273, Average RTT
F1, 125.61, 88.6999, Average RTT
F1, 126.21, 89.1679, Average RTT
F1, 126.31, 89.6254, Average RTT
F1, 126.71, 90.0765, Average RTT
F1, 126.91, 90.5189, Average RTT
F1, 127.41, 90.9566, Average RTT
F1, 127.71, 91.3873, Average RTT
F1, 128.11, 91.8126, Average RTT
F1, 128.41, 92.2314, Average RTT
F1, 128.81, 92.6451, Average RTT
F1, 129.21, 93.0539, Average RTT
F1, 129.51, 93.4568, Average RTT
F1, 129.91, 93.8552, Average RTT
F1, 130.41, 94.2502, Average RTT
F1, 130.51, 94.6377, Average RTT
F1, 130.91, 95.0211, Average RTT
F1, 131.41, 95.4016, Average RTT
F1, 131.51, 95.7751, Average RTT
F1, 131.81, 96.1439, Average RTT
F1, 132.41, 96.5113, Average RTT
F1, 132.51, 96.8721, Average RTT
F1, 132.91, 97.2296, Average RTT
F1, 133.21, 97.583, Average RTT
F1, 133.71, 97.9342, Average RTT
F1, 133.81, 98.2795, Average RTT
F1, 134.11, 98.621, Average RTT
F1, 134.81, 98.9627, Average RTT
F1, 134.91, 99.2987, Average RTT
F1, 135.61, 99.635, Average RTT
F1, 135.71, 99.9659, Average RTT
F1, 136.01, 100.293, Average RTT
F1, 136.41, 100.619, Average RTT
F1, 136.71, 100.941, Average RTT
F1, 137.21, 101.261, Average RTT
F1, 137.41, 101.578, Average RTT
F1, 137.91, 101.893, Average RTT
F1, 138.01, 102.204, Average RTT
F1, 138.31, 102.512, Average RTT
F1, 138.81, 102.819, Average RTT
F1, 139.01, 103.122, Average RTT
F1, 139.11, 103.421, Average RTT
F1, 139.81, 103.721, Average RTT
F1, 139.91, 104.017, Average RTT
F1, 140.51, 104.313, Average RTT
F1, 140.61, 104.604, Average RTT
F1, 141.11, 104.895, Average RTT
F1, 141.51, 105.185, Average RTT
F1, 142.01, 105.474, Average RTT
F1, 142.11, 105.759, Average RTT
F1, 142.71, 106.044, Average RTT
F1, 142.81, 106.326, Average RTT
F1, 143.61, 106.609, Average RTT
F1, 143.71, 106.889, Average RTT
F1, 144.21, 107.169, Average RTT
F1, 144.31, 107.445, Average RTT
F1, 144.81, 107.72, Average RTT
F1, 145.11, 107.994, Average RTT
F1, 145.41, 108.265, Average RTT
F1, 145.71, 108.535, Average RTT
F1, 146.31, 108.806, Average RTT
F1, 146.41, 109.073, Average RTT
F1, 146.81, 109.339, Average RTT
F1, 147.21, 109.604, Average RTT
F1, 147.51, 109.868, Average RTT
F1, 147.81, 110.13, Average RTT
F1, 148.31, 110.392, Average RTT
F1, 148.41, 110.651, Average RTT
F1, 148.81, 110.909, Average RTT
F1, 149.11, 111.165, Average RTT
F1, 149.51, 111.421, Average RTT
F1, 149.81, 111.669, Average RTT
F1, 150.11, 111.915, Average RTT
F1, 150.51, 112.161, Average RTT
F1, 151.11, 112.407, Average RTT
F1, 151.41, 112.652, Average RTT
F1, 151.81, 112.896, Average RTT
F1, 151.91, 113.138, Average RTT
F1, 152.41, 113.38, Average RTT
F1, 152.71, 113.621, Average RTT
F1, 152.81, 113.86, Average RTT
F1, 153.41, 114.099, Average RTT
F1, 153.71, 114.337, Average RTT
F1, 153.81, 114.573, Average RTT
F1, 154.11, 114.807, Average RTT
F1, 154.51, 115.041, Average RTT
F1, 155.11, 115.276, Average RTT
F1, 155.21, 115.509, Average RTT
F1, 155.61, 115.741, Average RTT
F1, 156.01, 115.973, Average RTT
F1, 156.31, 116.204, Average RTT
F1, 156.61, 116.434, Average RTT
F1, 157.01, 116.664, Average RTT
F1, 157.31, 116.892, Average RTT
F1, 157.71, 117.121, Average RTT
F1, 158.11, 117.349, Average RTT
F1, 158.41, 117.576, Average RTT
F1, 158.81, 117.803, Average RTT
F1, 159.21, 118.029, Average RTT
F1, 159.31, 118.254, Average RTT
F1, 159.91, 118.479, Average RTT
F1, 160.21, 118.703, Average RTT
F1, 160.51, 118.927, Average RTT
F1, 160.91, 119.15, Average RTT
F1, 161.01, 119.372, Average RTT
F1, 161.41, 119.593, Average RTT
F1, 161.51, 119.812, Average RTT
F1, 162.01, 120.032, Average RTT
F1, 162.11, 120.25, Average RTT
F1, 162.71, 120.469, Average RTT
F1, 163.11, 120.687, Average RTT
F1, 163.51, 120.905, Average RTT
F1, 164.21, 121.125, Average RTT
F1, 164.31, 121.343, Average RTT
F1, 164.61, 121.56, Average RTT
F1, 165.01, 121.777, Average RTT
F1, 165.41, 121.994, Average RTT
F1, 165.81, 122.211, Average RTT
F1, 165.91, 122.426, Average RTT
F1, 166.61, 122.642, Average RTT
F1, 166.71, 122.857, Average RTT
F1, 167.01, 123.071, Average RTT
F1, 167.31, 123.284, Average RTT
F1, 167.71, 123.497, Average RTT
F1, 168.11, 123.71, Average RTT
F1, 168.51, 123.923, Average RTT
F1, 168.61, 124.134, Average RTT
F1, 169.11, 124.346, Average RTT
F1, 169.21, 124.556, Average RTT
F1, 170.01, 124.768, Average RTT
F1, 170.11, 124.979, Average RTT
F1, 170.51, 125.189, Average RTT
F1, 170.91, 125.399, Average RTT
F1, 171.01, 125.608, Average RTT
F1, 171.41, 125.816, Average RTT
F1, 171.81, 126.025, Average RTT
F1, 172.21, 126.233, Average RTT
F1, 172.61, 126.442, Average RTT
F1, 173.01, 126.65, Average RTT
F1, 173.11, 126.857, Average RTT
F1, 173.81, 127.065, Average RTT
F1, 173.91, 127.272, Average RTT
F1, 174.61, 127.48, Average RTT
F1, 174.71, 127.686, Average RTT
F1, 174.91, 127.892, Average RTT
F1, 175.41, 128.098, Average RTT
F1, 175.51, 128.302, Average RTT
F1, 175.91, 128.507, Average RTT
F1, 176.31, 128.711, Average RTT
F1, 176.41, 128.914, Average RTT
F1, 177.11, 129.119, Average RTT
F1, 177.21, 129.322, Average RTT
F1, 178.01, 129.526, Average RTT
F1, 178.11, 129.73, Average RTT
F1, 178.51, 129.933, Average RTT
F1, 178.91, 130.137, Average RTT
F1, 179.01, 130.339, Average RTT
F1, 179.51, 130.541, Average RTT
F1, 179.91, 130.744, Average RTT
F1, 180.01, 130.945, Average RTT
F1, 180.31, 131.145, Average RTT
F1, 180.81, 131.347, Average RTT
F1, 181.21, 131.548, Average RTT
F1, 181.61, 131.749, Average RTT
F1, 182.01, 131.95, Average RTT
F1, 182.11, 132.15, Average RTT
F1, 182.51, 132.349, Average RTT
F1, 183.11, 132.55, Average RTT
F1, 183.21, 132.75, Average RTT
F1, 183.71, 132.945, Average RTT
F1, 184.11, 133.141, Average RTT
F1, 184.21, 133.336, Average RTT
F1, 184.71, 133.531, Average RTT
F1, 184.81, 133.725, Average RTT
F1, 185.61, 133.92, Average RTT
F1, 185.71, 134.115, Average RTT
F1, 186.11, 134.309, Average RTT
F1, 186.91, 134.505, Average RTT
F1, 187.01, 134.7, Average RTT
F1, 187.11, 134.894, Average RTT
F1, 187.51, 135.088, Average RTT
F1, 187.91, 135.281, Average RTT
F1, 188.41, 135.476, Average RTT
F1, 188.51, 135.669, Average RTT
F1, 188.81, 135.862, Average RTT
F1, 189.31, 136.055, Average RTT
F1, 189.71, 136.248, Average RTT
F1, 189.81, 136.441, Average RTT
F1, 190.21, 136.633, Average RTT
F1, 190.71, 136.826, Average RTT
F1, 191.11, 137.019, Average RTT
F1, 191.21, 137.21, Average RTT
F1, 191.71, 137.402, Average RTT
F1, 192.21, 137.595, Average RTT
F1, 192.31, 137.787, Average RTT
F1, 192.71, 137.978, Average RTT
F1, 193.11, 138.17, Average RTT
F1, 193.21, 138.36, Average RTT
F1, 193.71, 138.551, Average RTT
F1, 194.11, 138.743, Average RTT
F1, 194.61, 138.934, Average RTT
F1, 194.71, 139.125, Average RTT
F1, 195.21, 139.316, Average RTT
F1, 195.51, 139.506, Average RTT
F1, 195.61, 139.696, Average RTT
F1, 196.11, 139.886, Average RTT
F1, 196.51, 140.076, Average RTT
F1, 197.01, 140.267, Average RTT
F1, 197.51, 140.458, Average RTT
F1, 197.61, 140.648, Average RTT
F1, 198.01, 140.838, Average RTT
F1, 198.11, 141.027, Average RTT
F1, 198.61, 141.216, Average RTT
F1, 199.11, 141.406, Average RTT
F1, 199.51, 141.596, Average RTT
F1, 199.61, 141.785, Average RTT
F1, 200.11, 141.975, Average RTT
F1, 200.21, 142.163, Average RTT
F1, 200.71, 142.352, Average RTT
F1, 200.81, 142.54, Average RTT
F1, 201.31, 142.729, Average RTT
F1, 201.41, 142.916, Average RTT
F1, 201.91, 143.104, Average RTT
F1, 202.31, 143.292, Average RTT
F1, 202.81, 143.481, Average RTT
F1, 202.91, 143.668, Average RTT
F1, 203.41, 143.856, Average RTT
F1, 203.51, 144.043, Average RTT
F1, 204.11, 144.231, Average RTT
F1, 204.61, 144.419, Average RTT
F1, 205.01, 144.607, Average RTT
F1, 205.11, 144.794, Average RTT
F1, 205.61, 144.982, Average RTT
F1, 205.71, 145.169, Average RTT
F1, 206.21, 145.356, Average RTT
F1, 206.61, 145.543, Average RTT
F1, 207.11, 145.731, Average RTT
F1, 207.21, 145.918, Average RTT
F1, 207.31, 146.104, Average RTT
F1, 207.71, 146.29, Average RTT
F1, 208.21, 146.476, Average RTT
F1, 208.71, 146.663, Average RTT
F1, 208.81, 146.849, Average RTT
F1, 209.31, 147.036, Average RTT
F1, 209.41, 147.221, Average RTT
F1, 209.91, 147.407, Average RTT
F1, 210.51, 147.594, Average RTT
F1, 210.61, 147.78, Average RTT
F1, 211.01, 147.965, Average RTT
F1, 211.11, 148.151, Average RTT
F1, 211.61, 148.336, Average RTT
F1, 211.71, 148.521, Average RTT
F1, 212.21, 148.706, Average RTT
F1, 212.71, 148.891, Average RTT
F1, 212.81, 149.076, Average RTT
F1, 213.31, 149.261, Average RTT
F1, 213.41, 149.445, Average RTT
F1, 213.91, 149.629, Average RTT
F1, 214.31, 149.814, Average RTT
F1, 214.41, 149.998, Average RTT
F1, 215.01, 150.183, Average RTT
F1, 215.11, 150.366, Average RTT
F1, 215.61, 150.55, Average RTT
F1, 216.11, 150.735, Average RTT
F1, 216.21, 150.919, Average RTT
F1, 216.81, 151.1, Average RTT
F1, 216.91, 151.281, Average RTT
F1, 217.31, 151.462, Average RTT
F1, 217.91, 151.643, Average RTT
F1, 218.01, 151.824, Average RTT
F1, 218.51, 152.005, Average RTT
F1, 219.11, 152.187, Average RTT
F1, 219.21, 152.368, Average RTT
F1, 219.71, 152.55, Average RTT
F1, 219.81, 152.731, Average RTT
F1, 219.91, 152.911, Average RTT
F1, 220.41, 153.091, Average RTT
F1, 220.91, 153.272, Average RTT
F1, 221.41, 153.453, Average RTT
F1, 221.51, 153.633, Average RTT
F1, 222.11, 153.814, Average RTT
F1, 222.21, 153.995, Average RTT
F1, 222.61, 154.175, Average RTT
F1, 222.71, 154.355, Average RTT
F1, 223.21, 154.535, Average RTT
F1, 223.71, 154.716, Average RTT
F1, 223.81, 154.896, Average RTT
F1, 224.41, 155.076, Average RTT
F1, 224.51, 155.256, Average RTT
F1, 225.11, 155.436, Average RTT
F1, 225.61, 155.617, Average RTT
F1, 225.71, 155.797, Average RTT
F1, 226.21, 155.978, Average RTT
F1, 226.71, 156.158, Average RTT
F1, 226.81, 156.339, Average RTT
F1, 226.91, 156.518, Average RTT
F1, 227.51, 156.698, Average RTT
F1, 227.61, 156.878, Average RTT
F1, 228.11, 157.057, Average RTT
F1, 228.71, 157.238, Average RTT
F1, 228.81, 157.417, Average RTT
F1, 229.31, 157.598, Average RTT
F1, 229.41, 157.777, Average RTT
F1, 229.91, 157.957, Average RTT
F1, 230.01, 158.136, Average RTT
F1, 230.71, 158.316, Average RTT
F1, 230.81, 158.495, Average RTT
F1, 230.91, 158.674, Average RTT
F1, 231.01, 158.852, Average RTT
F1, 231.11, 159.029, Average RTT
F1, 231.21, 159.206, Average RTT
F1, 231.31, 159.382, Average RTT
F1, 231.41, 159.557, Average RTT
F1, 231.51, 159.732, Average RTT
F1, 231.61, 159.906, Average RTT
F1, 231.71, 160.079, Average RTT
F1, 231.81, 160.252, Average RTT
F1, 231.91, 160.424, Average RTT
F1, 232.01, 160.596, Average RTT
F1, 232.11, 160.766, Average RTT
F1, 232.21, 160.937, Average RTT
F1, 232.31, 161.106, Average RTT
F1, 232.41, 161.276, Average RTT
F1, 232.51, 161.444, Average RTT
F1, 232.61, 161.612, Average RTT
F1, 232.71, 161.779, Average RTT
F1, 232.81, 161.946, Average RTT
F1, 232.91, 162.112, Average RTT
F1, 233.01, 162.278, Average RTT
F1, 233.11, 162.443, Average RTT
F1, 233.21, 162.607, Average RTT
F1, 233.31, 162.771, Average RTT
F1, 233.41, 162.935, Average RTT
F1, 233.51, 163.097, Average RTT
F1, 233.61, 163.26, Average RTT
F1, 233.71, 163.421, Average RTT
F1, 233.81, 163.582, Average RTT
F1, 233.91, 163.743, Average RTT
F1, 234.01, 163.903, Average RTT
F1, 234.11, 164.063, Average RTT
F1, 234.21, 164.222, Average RTT
F1, 234.31, 164.38, Average RTT
F1, 234.41, 164.538, Average RTT
F1, 234.51, 164.695, Average RTT
F1, 234.61, 164.852, Average RTT
F1, 234.71, 165.009, Average RTT
F1, 234.81, 165.165, Average RTT
F1, 234.91, 165.32, Average RTT
F1, 235.01, 165.475, Average RTT
F1, 235.11, 165.63, Average RTT
F1, 235.21, 165.783, Average RTT
F1, 235.31, 165.937, Average RTT
F1, 235.41, 166.09, Average RTT
F1, 235.51, 166.242, Average RTT
F1, 235.61, 166.394, Average RTT
F1, 235.71, 166.546, Average RTT
F1, 235.81, 166.697, Average RTT
F1, 235.91, 166.848, Average RTT
F1, 236.01, 166.998, Average RTT
F1, 236.11, 167.147, Average RTT
F1, 236.21, 167.297, Average RTT
F1, 236.31, 167.445, Average RTT
F1, 236.41, 167.594, Average RTT
F1, 236.51, 167.739, Average RTT
F1, 236.61, 167.885, Average RTT
F1, 236.71, 168.029, Average RTT
F1, 236.81, 168.174, Average RTT
F1, 236.91, 168.317, Average RTT
F1, 237.01, 168.461, Average RTT
F1, 237.11, 168.604, Average RTT
F1, 237.21, 168.747, Average RTT
F1, 237.31, 168.889, Average RTT
F1, 237.41, 169.031, Average RTT
F1, 237.51, 169.172, Average RTT
F1, 237.61, 169.313, Average RTT
F1, 237.71, 169.453, Average RTT
F1, 237.81, 169.594, Average RTT
F1, 237.91, 169.733, Average RTT
F1, 238.01, 169.873, Average RTT
F1, 238.11, 170.012, Average RTT
F1, 238.21, 170.15, Average RTT
F1, 238.31, 170.289, Average RTT
F1, 238.41, 170.426, Average RTT
F1, 238.61, 170.564, Average RTT
F1, 238.71, 170.701, Average RTT
F1, 238.81, 170.838, Average RTT
F1, 238.91, 170.975, Average RTT
F1, 239.01, 171.111, Average RTT
F1, 239.11, 171.247, Average RTT
F1, 239.21, 171.382, Average RTT
F1, 239.31, 171.517, Average RTT
F1, 239.41, 171.652, Average RTT
F1, 239.51, 171.786, Average RTT
F1, 239.61, 171.92, Average RTT
F1, 239.71, 172.054, Average RTT
F1, 239.81, 172.187, Average RTT
F1, 239.91, 172.32, Average RTT
F1, 240.01, 172.452, Average RTT
F1, 240.11, 172.585, Average RTT
F1, 240.21, 172.716, Average RTT
F1, 240.31, 172.848, Average RTT
F1, 240.41, 172.979, Average RTT
F1, 240.51, 173.11, Average RTT
F1, 240.61, 173.24, Average RTT
F1, 240.71, 173.37, Average RTT
F1, 240.81, 173.5, Average RTT
F1, 240.91, 173.63, Average RTT
F1, 241.01, 173.759, Average RTT
F1, 241.11, 173.888, Average RTT
F1, 241.21, 174.016, Average RTT
F1, 241.31, 174.144, Average RTT
F1, 241.41, 174.272, Average RTT
F1, 241.51, 174.4, Average RTT
F1, 241.61, 174.527, Average RTT
F1, 241.71, 174.654, Average RTT
F1, 241.81, 174.781, Average RTT
F1, 241.91, 174.907, Average RTT
F1, 242.01, 175.033, Average RTT
F1, 242.11, 175.158, Average RTT
F1, 242.21, 175.284, Average RTT
F1, 242.31, 175.409, Average RTT
F1, 242.41, 175.534, Average RTT
F1, 242.51, 175.658, Average RTT
F1, 242.61, 175.782, Average RTT
F1, 242.71, 175.906, Average RTT
F1, 242.81, 176.03, Average RTT
F1, 242.91, 176.153, Average RTT
F1, 243.01, 176.276, Average RTT
F1, 243.11, 176.399, Average RTT
F1, 243.21, 176.521, Average RTT
F1, 243.31, 176.643, Average RTT
F1, 243.41, 176.765, Average RTT
F1, 243.51, 176.886, Average RTT
F1, 243.61, 177.008, Average RTT
F1, 243.71, 177.129, Average RTT
F1, 243.81, 177.249, Average RTT
F1, 243.91, 177.37, Average RTT
F1, 244.01, 177.49, Average RTT
F1, 244.11, 177.61, Average RTT
F1, 244.21, 177.729, Average RTT
F1, 244.31, 177.849, Average RTT
F1, 244.41, 177.968, Average RTT
F1, 244.51, 178.087, Average RTT
F1, 244.61, 178.205, Average RTT
F1, 244.71, 178.324, Average RTT
F1, 244.81, 178.442, Average RTT
F1, 244.91, 178.559, Average RTT
F1, 245.01, 178.677, Average RTT
F1, 245.11, 178.794, Average RTT
F1, 245.21, 178.911, Average RTT
F1, 245.31, 179.028, Average RTT
F1, 245.41, 179.144, Average RTT
F1, 245.51, 179.26, Average RTT
F1, 245.61, 179.376, Average RTT
F1, 245.71, 179.492, Average RTT
F1, 245.81, 179.608, Average RTT
F1, 245.91, 179.723, Average RTT
F1, 246.01, 179.838, Average RTT
F1, 246.11, 179.953, Average RTT
F1, 246.21, 180.067, Average RTT
F1, 246.41, 180.182, Average RTT
F1, 246.51, 180.294, Average RTT
F1, 246.61, 180.406, Average RTT
F1, 246.71, 180.518, Average RTT
F1, 246.81, 180.629, Average RTT
F1, 246.91, 180.741, Average RTT
F1, 247.01, 180.852, Average RTT
F1, 247.11, 180.963, Average RTT
F1, 247.21, 181.074, Average RTT
F1, 247.31, 181.184, Average RTT
F1, 247.41, 181.295, Average RTT
F1, 247.51, 181.405, Average RTT
F1, 247.61, 181.515, Average RTT
F1, 247.71, 181.624, Average RTT
F1, 247.81, 181.734, Average RTT
F1, 247.91, 181.843, Average RTT
F1, 248.01, 181.952, Average RTT
F1, 248.11, 182.061, Average RTT
F1, 248.21, 182.169, Average RTT
F1, 248.31, 182.278, Average RTT
F1, 248.41, 182.386, Average RTT
F1, 248.51, 182.494, Average RTT
F1, 248.61, 182.601, Average RTT
F1, 248.71, 182.709, Average RTT
F1, 248.81, 182.816, Average RTT
F1, 248.91, 182.923, Average RTT
F1, 249.01, 183.03, Average RTT
F1, 249.11, 183.137, Average RTT
F1, 249.21, 183.244, Average RTT
F1, 249.31, 183.35, Average RTT
F1, 249.41, 183.456, Average RTT
F1, 249.51, 183.562, Average RTT
F1, 249.61, 183.668, Average RTT
F1, 249.71, 183.773, Average RTT
F1, 249.81, 183.878, Average RTT
F1, 249.91, 183.984, Average RTT
F1, 250.01, 184.089, Average RTT
F1, 250.11, 184.193, Average RTT
F1, 250.21, 184.298, Average RTT
F1, 250.31, 184.402, Average RTT
F1, 250.41, 184.506, Average RTT
F1, 250.51, 184.61, Average RTT
F1, 250.61, 184.714, Average RTT
F1, 250.71, 184.818, Average RTT
F1, 250.81, 184.921, Average RTT
F1, 250.91, 185.025, Average RTT
F1, 251.01, 185.128, Average RTT
F1, 251.11, 185.23, Average RTT
F1, 251.21, 185.333, Average RTT
F1, 251.31, 185.436, Average RTT
F1, 251.41, 185.538, Average RTT
F1, 251.51, 185.64, Average RTT
F1, 251.61, 185.742, Average RTT
F1, 251.71, 185.844, Average RTT
F1, 251.81, 185.946, Average RTT
F1, 251.91, 186.047, Average RTT
F1, 252.01, 186.148, Average RTT
F1, 252.11, 186.25, Average RTT
F1, 252.21, 186.35, Average RTT
F1, 252.31, 186.451, Average RTT
F1, 252.41, 186.552, Average RTT
F1, 252.51, 186.652, Average RTT
F1, 252.61, 186.753, Average RTT
F1, 252.71, 186.853, Average RTT
F1, 252.81, 186.953, Average RTT
F1, 252.91, 187.052, Average RTT
F1, 253.01, 187.152, Average RTT
F1, 253.11, 187.251, Average RTT
F1, 253.21, 187.351, Average RTT
F1, 253.31, 187.45, Average RTT
F1, 253.41, 187.549, Average RTT
F1, 253.51, 187.647, Average RTT
F1, 253.61, 187.746, Average RTT
F1, 253.71, 187.845, Average RTT
F1, 253.81, 187.943, Average RTT
F1, 253.91, 188.041, Average RTT
F1, 254.01, 188.139, Average RTT
F1, 254.11, 188.237, Average RTT
F1, 254.31, 188.335, Average RTT
F1, 254.41, 188.432, Average RTT
F1, 254.51, 188.53, Average RTT
F1, 254.61, 188.627, Average RTT
F1, 254.71, 188.724, Average RTT
F1, 254.81, 188.822, Average RTT
F1, 254.91, 188.918, Average RTT
F1, 255.01, 189.015, Average RTT
F1, 255.11, 189.112, Average RTT
F1, 255.21, 189.208, Average RTT
F1, 255.31, 189.305, Average RTT
F1, 255.41, 189.401, Average RTT
F1, 255.51, 189.497, Average RTT
F1, 255.61, 189.593, Average RTT
F1, 255.71, 189.688, Average RTT
F1, 255.81, 189.784, Average RTT
F1, 255.91, 189.879, Average RTT
F1, 256.01, 189.975, Average RTT
F1, 256.11, 190.07, Average RTT
F1, 256.21, 190.165, Average RTT
F1, 256.31, 190.258, Average RTT
F1, 256.41, 190.351, Average RTT
F1, 256.51, 190.444, Average RTT
F1, 256.61, 190.537, Average RTT
F1, 256.71, 190.63, Average RTT
F1, 256.81, 190.723, Average RTT
F1, 256.91, 190.815, Average RTT
F1, 257.01, 190.907, Average RTT
F1, 257.11, 191, Average RTT
F1, 257.21, 191.092, Average RTT
F1, 257.31, 191.184, Average RTT
F1, 257.41, 191.276, Average RTT
F1, 257.51, 191.367, Average RTT
F1, 257.61, 191.459, Average RTT
F1, 257.71, 191.55, Average RTT
F1, 257.81, 191.642, Average RTT
F1, 257.91, 191.733, Average RTT
F1, 258.01, 191.824, Average RTT
F1, 258.11, 191.915, Average RTT
F1, 258.21, 192.005, Average RTT
F1, 258.31, 192.096, Average RTT
F1, 258.41, 192.187, Average RTT
F1, 258.51, 192.277, Average RTT
F1, 258.61, 192.367, Average RTT
F1, 258.71, 192.458, Average RTT
F1, 258.81, 192.548, Average RTT
F1, 258.91, 192.638, Average RTT
F1, 259.01, 192.727, Average RTT
F1, 259.11, 192.817, Average RTT
F1, 259.21, 192.907, Average RTT
F1, 259.31, 192.996, Average RTT
F1, 259.41, 193.086, Average RTT
F1, 259.51, 193.175, Average RTT
F1, 259.61, 193.264, Average RTT
F1, 259.71, 193.353, Average RTT
F1, 259.81, 193.442, Average RTT
F1, 259.91, 193.531, Average RTT
F1, 260.01, 193.619, Average RTT
F1, 260.11, 193.708, Average RTT
F1, 260.21, 193.796, Average RTT
F1, 260.31, 193.884, Average RTT
F1, 260.41, 193.973, Average RTT
F1, 260.51, 194.061, Average RTT
F1, 260.61, 194.149, Average RTT
F1, 260.71, 194.236, Average RTT
F1, 260.81, 194.324, Average RTT
F1, 260.91, 194.412, Average RTT
F1, 261.01, 194.499, Average RTT
F1, 261.11, 194.587, Average RTT
F1, 261.21, 194.674, Average RTT
F1, 261.31, 194.761, Average RTT
F1, 261.41, 194.848, Average RTT
F1, 261.51, 194.935, Average RTT
F1, 261.61, 195.022, Average RTT
F1, 261.71, 195.109, Average RTT
F1, 261.81, 195.196, Average RTT
F1, 261.91, 195.282, Average RTT
F1, 262.01, 195.369, Average RTT
F1, 262.11, 195.455, Average RTT
F1, 262.31, 195.541, Average RTT
F1, 262.41, 195.628, Average RTT
F1, 262.51, 195.714, Average RTT
F1, 262.61, 195.8, Average RTT
F1, 262.71, 195.886, Average RTT
F1, 262.81, 195.972, Average RTT
F1, 262.91, 196.057, Average RTT
F1, 263.01, 196.143, Average RTT
F1, 263.11, 196.228, Average RTT
F1, 263.21, 196.314, Average RTT
F1, 263.31, 196.399, Average RTT
F1, 263.41, 196.485, Average RTT
F1, 263.51, 196.57, Average RTT
F1, 263.61, 196.655, Average RTT
F1, 263.71, 196.74, Average RTT
F1, 263.81, 196.825, Average RTT
F1, 263.91, 196.909, Average RTT
F1, 264.01, 196.994, Average RTT
F1, 264.11, 197.078, Average RTT
F1, 264.21, 197.163, Average RTT
F1, 264.31, 197.247, Average RTT
F1, 264.41, 197.332, Average RTT
F1, 264.51, 197.416, Average RTT
F1, 264.61, 197.5, Average RTT
F1, 264.71, 197.584, Average RTT
F1, 264.81, 197.668, Average RTT
F1, 264.91, 197.751, Average RTT
F1, 265.01, 197.835, Average RTT
F1, 265.11, 197.919, Average RTT
F1, 265.21, 198.002, Average RTT
F1, 265.31, 198.086, Average RTT
F1, 265.41, 198.169, Average RTT
F1, 265.51, 198.252, Average RTT
F1, 265.61, 198.335, Average RTT
F1, 265.71, 198.418, Average RTT
F1, 265.81, 198.501, Average RTT
F1, 265.91, 198.584, Average RTT
F1, 266.01, 198.667, Average RTT
F1, 266.11, 198.75, Average RTT
F1, 266.21, 198.831, Average RTT
F1, 266.31, 198.912, Average RTT
F1, 266.41, 198.993, Average RTT
F1, 266.51, 199.074, Average RTT
F1, 266.61, 199.155, Average RTT
F1, 266.71, 199.236, Average RTT
F1, 266.81, 199.316, Average RTT
F1, 266.91, 199.397, Average RTT
F1, 267.01, 199.478, Average RTT
F1, 267.11, 199.558, Average RTT
F1, 267.21, 199.639, Average RTT
F1, 267.31, 199.719, Average RTT
F1, 267.41, 199.799, Average RTT
F1, 267.51, 199.879, Average RTT
F1, 267.61, 199.959, Average RTT
F1, 267.71, 200.039, Average RTT
F1, 267.81, 200.119, Average RTT
F1, 267.91, 200.199, Average RTT
F1, 268.01, 200.279, Average RTT
F1, 268.11, 200.358, Average RTT
F1, 268.21, 200.438, Average RTT
F1, 268.31, 200.518, Average RTT
F1, 268.41, 200.597, Average RTT
F1, 268.51, 200.676, Average RTT
F1, 268.61, 200.756, Average RTT
F1, 268.71, 200.835, Average RTT
F1, 268.81, 200.914, Average RTT
F1, 268.91, 200.993, Average RTT
F1, 269.01, 201.072, Average RTT
F1, 269.11, 201.151, Average RTT
F1, 269.21, 201.23, Average RTT
F1, 269.31, 201.308, Average RTT
F1, 269.41, 201.387, Average RTT
F1, 269.51, 201.466, Average RTT
F1, 269.61, 201.544, Average RTT
F1, 269.71, 201.623, Average RTT
F1, 269.81, 201.701, Average RTT
F1, 269.91, 201.779, Average RTT
F1, 270.01, 201.858, Average RTT
F1, 270.11, 201.936, Average RTT
F1, 270.21, 202.014, Average RTT
F1, 270.31, 202.092, Average RTT
F1, 270.41, 202.17, Average RTT
F1, 270.51, 202.248, Average RTT
F1, 270.61, 202.325, Average RTT
F1, 270.71, 202.403, Average RTT
F1, 270.81, 202.481, Average RTT
F1, 270.91, 202.558, Average RTT
F1, 271.01, 202.636, Average RTT
F1, 271.11, 202.713, Average RTT
F1, 271.21, 202.791, Average RTT
F1, 271.31, 202.868, Average RTT
F1, 271.41, 202.945, Average RTT
F1, 271.61, 203.022, Average RTT
F1, 271.71, 203.1, Average RTT
F1, 271.81, 203.177, Average RTT
F1, 271.91, 203.254, Average RTT
F1, 272.01, 203.331, Average RTT
F1, 272.11, 203.408, Average RTT
F1, 272.21, 203.485, Average RTT
F1, 272.31, 203.561, Average RTT
F1, 272.41, 203.638, Average RTT
F1, 272.51, 203.715, Average RTT
F1, 272.61, 203.791, Average RTT
F1, 272.71, 203.868, Average RTT
F1, 272.81, 203.944, Average RTT
F1, 272.91, 204.021, Average RTT
F1, 273.01, 204.097, Average RTT
F1, 273.11, 204.173, Average RTT
F1, 273.21, 204.25, Average RTT
F1, 273.31, 204.326, Average RTT
F1, 273.41, 204.402, Average RTT
F1, 273.51, 204.478, Average RTT
F1, 273.61, 204.554, Average RTT
F1, 273.71, 204.63, Average RTT
F1, 273.81, 204.705, Average RTT
F1, 273.91, 204.781, Average RTT
F1, 274.01, 204.857, Average RTT
F1, 274.11, 204.932, Average RTT
F1, 274.21, 205.008, Average RTT
F1, 274.31, 205.084, Average RTT
F1, 274.41, 205.159, Average RTT
F1, 274.51, 205.234, Average RTT
F1, 274.61, 205.31, Average RTT
F1, 274.71, 205.385, Average RTT
F1, 274.81, 205.46, Average RTT
F1, 274.91, 205.535, Average RTT
F1, 275.01, 205.61, Average RTT
F1, 275.11, 205.685, Average RTT
F1, 275.21, 205.76, Average RTT
F1, 275.31, 205.835, Average RTT
F1, 275.41, 205.91, Average RTT
F1, 275.51, 205.985, Average RTT
F1, 275.61, 206.059, Average RTT
F1, 275.71, 206.134, Average RTT
F1, 275.81, 206.209, Average RTT
F1, 275.91, 206.283, Average RTT
F1, 276.01, 206.358, Average RTT
F1, 276.11, 206.431, Average RTT
F1, 276.21, 206.504, Average RTT
F1, 276.31, 206.577, Average RTT
F1, 276.41, 206.65, Average RTT
F1, 276.51, 206.723, Average RTT
F1, 276.61, 206.796, Average RTT
F1, 276.71, 206.869, Average RTT
F1, 276.81, 206.942, Average RTT
F1, 276.91, 207.014, Average RTT
F1, 277.01, 207.087, Average RTT
F1, 277.11, 207.16, Average RTT
F1, 277.21, 207.232, Average RTT
F1, 277.31, 207.305, Average RTT
F1, 277.41, 207.377, Average RTT
F1, 277.51, 207.45, Average RTT
F1, 277.61, 207.522, Average RTT
F1, 277.71, 207.594, Average RTT
F1, 277.81, 207.667, Average RTT
F1, 277.91, 207.739, Average RTT
F1, 278.01, 207.811, Average RTT
F1, 278.11, 207.883, Average RTT
F1, 278.21, 207.955, Average RTT
F1, 278.31, 208.027, Average RTT
F1, 278.41, 208.099, Average RTT
F1, 278.51, 208.171, Average RTT
F1, 278.61, 208.243, Average RTT
F1, 278.71, 208.315, Average RTT
F1, 278.81, 208.387, Average RTT
F1, 278.91, 208.458, Average RTT
F1, 279.01, 208.53, Average RTT
F1, 279.11, 208.602, Average RTT
F1, 279.21, 208.673, Average RTT
F1, 279.31, 208.745, Average RTT
F1, 279.41, 208.816, Average RTT
F1, 279.51, 208.887, Average RTT
F1, 279.61, 208.959, Average RTT
F1, 279.71, 209.03, Average RTT
F1, 279.81, 209.101, Average RTT
F1, 279.91, 209.173, Average RTT
F1, 280.01, 209.244, Average RTT
F1, 280.11, 209.315, Average RTT
F1, 280.21, 209.386, Average RTT
F1, 280.31, 209.457, Average RTT
F1, 280.41, 209.528, Average RTT
F1, 280.51, 209.599, Average RTT
F1, 280.61, 209.67, Average RTT
F1, 280.71, 209.74, Average RTT
F1, 280.81, 209.811, Average RTT
F1, 281.01, 209.882, Average RTT
F1, 281.11, 209.953, Average RTT
F1, 281.21, 210.024, Average RTT
F1, 281.31, 210.094, Average RTT
F1, 281.41, 210.165, Average RTT
F1, 281.51, 210.236, Average RTT
F1, 281.61, 210.306, Average RTT
F1, 281.71, 210.377, Average RTT
F1, 281.81, 210.447, Average RTT
F1, 281.91, 210.518, Average RTT
F1, 282.01, 210.588, Average RTT
F1, 282.11, 210.658, Average RTT
F1, 282.21, 210.729, Average RTT
F1, 282.31, 210.799, Average RTT
F1, 282.41, 210.869, Average RTT
F1, 282.51, 210.939, Average RTT
F1, 282.61, 211.009, Average RTT
F1, 282.71, 211.079, Average RTT
F1, 282.81, 211.149, Average RTT
F1, 282.91, 211.219, Average RTT
F1, 283.01, 211.289, Average RTT
F1, 283.11, 211.359, Average RTT
F1, 283.21, 211.429, Average RTT
F1, 283.31, 211.499, Average RTT
F1, 283.41, 211.568, Average RTT
F1, 283.51, 211.638, Average RTT
F1, 283.61, 211.708, Average RTT
F1, 283.71, 211.777, Average RTT
F1, 283.81, 211.847, Average RTT
F1, 283.91, 211.917, Average RTT
F1, 284.01, 211.986, Average RTT
F1, 284.11, 212.055, Average RTT
F1, 284.21, 212.125, Average RTT
F1, 284.31, 212.194, Average RTT
F1, 284.41, 212.264, Average RTT
F1, 284.51, 212.333, Average RTT
F1, 284.61, 212.402, Average RTT
F1, 284.71, 212.471, Average RTT
F1, 284.81, 212.54, Average RTT
F1, 284.91, 212.609, Average RTT
F1, 285.01, 212.679, Average RTT
F1, 285.11, 212.748, Average RTT
F1, 285.21, 212.817, Average RTT
F1, 285.31, 212.885, Average RTT
F1, 285.41, 212.954, Average RTT
F1, 285.51, 213.023, Average RTT
F1, 285.61, 213.092, Average RTT
F1, 285.71, 213.161, Average RTT
F1, 285.81, 213.23, Average RTT
F1, 285.91, 213.298, Average RTT
F1, 286.01, 213.366, Average RTT
F1, 286.11, 213.433, Average RTT
F1, 286.21, 213.501, Average RTT
F1, 286.31, 213.568, Average RTT
F1, 286.41, 213.636, Average RTT
F1, 286.51, 213.703, Average RTT
F1, 286.61, 213.771, Average RTT
F1, 286.71, 213.838, Average RTT
F1, 286.81, 213.905, Average RTT
F1, 286.91, 213.972, Average RTT
F1, 287.01, 214.04, Average RTT
F1, 287.11, 214.107, Average RTT
F1, 287.21, 214.174, Average RTT
F1, 287.31, 214.241, Average RTT
F1, 287.41, 214.308, Average RTT
F1, 287.51, 214.375, Average RTT
F1, 287.61, 214.442, Average RTT
F1, 287.71, 214.509, Average RTT
F1, 287.81, 214.576, Average RTT
F1, 287.91, 214.643, Average RTT
F1, 288.01, 214.71, Average RTT
F1, 288.11, 214.776, Average RTT
F1, 288.21, 214.843, Average RTT
F1, 288.31, 214.91, Average RTT
F1, 288.41, 214.977, Average RTT
F1, 288.51, 215.043, Average RTT
F1, 288.61, 215.11, Average RTT
F1, 288.71, 215.177, Average RTT
F1, 288.81, 215.243, Average RTT
F1, 288.91, 215.31, Average RTT
F1, 289.01, 215.376, Average RTT
F1, 289.11, 215.443, Average RTT
F1, 289.21, 215.509, Average RTT
F1, 289.31, 215.575, Average RTT
F1, 289.41, 215.642, Average RTT
F1, 289.51, 215.708, Average RTT
F1, 289.61, 215.774, Average RTT
F1, 289.71, 215.841, Average RTT
F1, 289.81, 215.907, Average RTT
F1, 289.91, 215.973, Average RTT
F1, 290.01, 216.039, Average RTT
F1, 290.11, 216.105, Average RTT
F1, 290.21, 216.171, Average RTT
F1, 290.31, 216.237, Average RTT
F1, 290.51, 216.304, Average RTT
F1, 290.61, 216.37, Average RTT
F1, 290.71, 216.436, Average RTT
F1, 290.81, 216.502, Average RTT
F1, 290.91, 216.568, Average RTT
F1, 291.01, 216.634, Average RTT
F1, 291.11, 216.7, Average RTT
F1, 291.21, 216.766, Average RTT
F1, 291.31, 216.831, Average RTT
F1, 291.41, 216.897, Average RTT
F1, 291.51, 216.963, Average RTT
F1, 291.61, 217.029, Average RTT
F1, 291.71, 217.094, Average RTT
F1, 291.81, 217.16, Average RTT
F1, 291.91, 217.226, Average RTT
F1, 292.01, 217.291, Average RTT
F1, 292.11, 217.357, Average RTT
F1, 292.21, 217.423, Average RTT
F1, 292.31, 217.488, Average RTT
F1, 292.41, 217.554, Average RTT
F1, 292.51, 217.619, Average RTT
F1, 292.61, 217.685, Average RTT
F1, 292.71, 217.75, Average RTT
F1, 292.81, 217.815, Average RTT
F1, 292.91, 217.881, Average RTT
F1, 293.01, 217.946, Average RTT
F1, 293.11, 218.011, Average RTT
F1, 293.21, 218.077, Average RTT
F1, 293.31, 218.142, Average RTT
F1, 293.41, 218.207, Average RTT
F1, 293.51, 218.272, Average RTT
F1, 293.61, 218.337, Average RTT
F1, 293.71, 218.403, Average RTT
F1, 293.81, 218.468, Average RTT
F1, 293.91, 218.533, Average RTT
F1, 294.01, 218.598, Average RTT
F1, 294.11, 218.663, Average RTT
F1, 294.21, 218.728, Average RTT
F1, 294.31, 218.793, Average RTT
F1, 294.41, 218.858, Average RTT
F1, 294.51, 218.922, Average RTT
F1, 294.61, 218.987, Average RTT
F1, 294.71, 219.052, Average RTT
F1, 294.81, 219.117, Average RTT
F1, 294.91, 219.182, Average RTT
F1, 295.01, 219.246, Average RTT
F1, 295.11, 219.311, Average RTT
F1, 295.21, 219.376, Average RTT
F1, 295.31, 219.44, Average RTT
F1, 295.41, 219.505, Average RTT
F1, 295.51, 219.57, Average RTT
F1, 295.61, 219.634, Average RTT
F1, 295.71, 219.699, Average RTT
F1, 295.81, 219.762, Average RTT
F1, 295.91, 219.826, Average RTT
F1, 296.01, 219.889, Average RTT
F1, 296.11, 219.953, Average RTT
F1, 296.21, 220.016, Average RTT
F1, 296.31, 220.079, Average RTT
F1, 296.41, 220.143, Average RTT
F1, 296.51, 220.206, Average RTT
F1, 296.61, 220.269, Average RTT
F1, 296.71, 220.333, Average RTT
F1, 296.81, 220.396, Average RTT
F1, 296.91, 220.459, Average RTT
F1, 297.01, 220.522, Average RTT
F1, 297.11, 220.586, Average RTT
F1, 297.21, 220.649, Average RTT
F1, 297.31, 220.712, Average RTT
F1, 297.41, 220.775, Average RTT
F1, 297.51, 220.838, Average RTT
F1, 297.61, 220.901, Average RTT
F1, 297.71, 220.964, Average RTT
F1, 297.81, 221.027, Average RTT
F1, 297.91, 221.09, Average RTT
F1, 298.01, 221.153, Average RTT
F1, 298.11, 221.216, Average RTT
F1, 298.21, 221.279, Average RTT
F1, 298.31, 221.342, Average RTT
F1, 298.41, 221.405, Average RTT
F1, 298.51, 221.468, Average RTT
F1, 298.61, 221.53, Average RTT
F1, 298.71, 221.593, Average RTT
F1, 298.81, 221.656, Average RTT
F1, 298.91, 221.719, Average RTT
F1, 299.01, 221.781, Average RTT
F1, 299.11, 221.844, Average RTT
F1, 299.21, 221.907, Average RTT
F1, 299.31, 221.969, Average RTT
F1, 299.41, 222.032, Average RTT
F1, 299.51, 222.095, Average RTT
F1, 299.61, 222.157, Average RTT
F1, 299.81, 222.22, Average RTT
F1, 299.91, 222.282, Average RTT
F1, 300.01, 222.345, Average RTT
F1, 300.11, 222.408, Average RTT
F1, 300.21, 222.47, Average RTT
F1, 300.31, 222.533, Average RTT
F1, 300.41, 222.595, Average RTT
F1, 300.51, 222.658, Average RTT
F1, 300.61, 222.72, Average RTT
F1, 300.71, 222.783, Average RTT
F1, 300.81, 222.845, Average RTT
F1, 300.91, 222.907, Average RTT
F1, 301.01, 222.97, Average RTT
F1, 301.11, 223.032, Average RTT
F1, 301.21, 223.094, Average RTT
F1, 301.31, 223.157, Average RTT
F1, 301.41, 223.219, Average RTT
F1, 301.51, 223.281, Average RTT
F1, 301.61, 223.343, Average RTT
F1, 301.71, 223.406, Average RTT
F1, 301.81, 223.468, Average RTT
F1, 301.91, 223.53, Average RTT
F1, 302.01, 223.592, Average RTT
F1, 302.11, 223.654, Average RTT
F1, 302.21, 223.716, Average RTT
F1, 302.31, 223.778, Average RTT
F1, 302.41, 223.84, Average RTT
F1, 302.51, 223.902, Average RTT
F1, 302.61, 223.964, Average RTT
F1, 302.71, 224.026, Average RTT
F1, 302.81, 224.088, Average RTT
F1, 302.91, 224.15, Average RTT
F1, 303.01, 224.212, Average RTT
F1, 303.11, 224.274, Average RTT
F1, 303.21, 224.336, Average RTT
F1, 303.31, 224.398, Average RTT
F1, 303.41, 224.46, Average RTT
F1, 303.51, 224.522, Average RTT
F1, 303.61, 224.583, Average RTT
F1, 303.71, 224.645, Average RTT
F1, 303.81, 224.707, Average RTT
F1, 303.91, 224.769, Average RTT
F1, 304.11, 224.83, Average RTT
F1, 304.21, 224.892, Average RTT
F1, 304.31, 224.954, Average RTT
F1, 304.41, 225.016, Average RTT
F1, 304.51, 225.077, Average RTT
F1, 304.61, 225.139, Average RTT
F1, 304.71, 225.201, Average RTT
F1, 304.81, 225.262, Average RTT
F1, 304.91, 225.324, Average RTT
F1, 305.01, 225.385, Average RTT
F1, 305.11, 225.447, Average RTT
F1, 305.21, 225.509, Average RTT
F1, 305.31, 225.57, Average RTT
F1, 305.41, 225.632, Average RTT
F1, 305.51, 225.693, Average RTT
F1, 305.61, 225.755, Average RTT
F1, 305.71, 225.816, Average RTT
F1, 305.81, 225.878, Average RTT
F1, 305.91, 225.939, Average RTT
F1, 306.01, 226, Average RTT
F1, 306.11, 226.062, Average RTT
F1, 306.21, 226.123, Average RTT
F1, 306.31, 226.184, Average RTT
F1, 306.41, 226.246, Average RTT
F1, 306.51, 226.307, Average RTT
F1, 306.61, 226.368, Average RTT
F1, 306.71, 226.43, Average RTT
F1, 306.81, 226.491, Average RTT
F1, 306.91, 226.552, Average RTT
F1, 307.01, 226.613, Average RTT
F1, 307.11, 226.674, Average RTT
F1, 307.21, 226.736, Average RTT
F1, 307.31, 226.797, Average RTT
F1, 307.41, 226.858, Average RTT
F1, 307.51, 226.919, Average RTT
F1, 307.61, 226.98, Average RTT
F1, 307.71, 227.041, Average RTT
F1, 307.81, 227.102, Average RTT
F1, 307.91, 227.163, Average RTT
F1, 308.01, 227.224, Average RTT
F1, 308.11, 227.285, Average RTT
F1, 308.21, 227.346, Average RTT
F1, 308.31, 227.407, Average RTT
F1, 308.41, 227.468, Average RTT
F1, 308.51, 227.529, Average RTT
F1, 308.71, 227.59, Average RTT
F1, 308.81, 227.651, Average RTT
F1, 308.91, 227.712, Average RTT
F1, 309.01, 227.773, Average RTT
F1, 309.11, 227.834, Average RTT
F1, 309.21, 227.894, Average RTT
F1, 309.31, 227.955, Average RTT
F1, 309.41, 228.016, Average RTT
F1, 309.51, 228.077, Average RTT
F1, 309.61, 228.138, Average RTT
F1, 309.71, 228.199, Average RTT
F1, 309.81, 228.259, Average RTT
F1, 309.91, 228.32, Average RTT
F1, 310.01, 228.381, Average RTT
F1, 310.11, 228.441, Average RTT
F1, 310.21, 228.502, Average RTT
F1, 310.31, 228.563, Average RTT
F1, 310.41, 228.624, Average RTT
F1, 310.51, 228.684, Average RTT
F1, 310.61, 228.745, Average RTT
F1, 310.71, 228.805, Average RTT
F1, 310.81, 228.866, Average RTT
F1, 310.91, 228.927, Average RTT
F1, 311.01, 228.987, Average RTT
F1, 311.11, 229.048, Average RTT
F1, 311.21, 229.108, Average RTT
F1, 311.31, 229.169, Average RTT
F1, 311.41, 229.229, Average RTT
F1, 311.51, 229.29, Average RTT
F1, 311.61, 229.35, Average RTT
F1, 311.71, 229.41, Average RTT
F1, 311.81, 229.471, Average RTT
F1, 311.91, 229.531, Average RTT
F1, 312.01, 229.592, Average RTT
F1, 312.11, 229.652, Average RTT
F1, 312.21, 229.712, Average RTT
F1, 312.31, 229.773, Average RTT
F1, 312.41, 229.833, Average RTT
F1, 312.51, 229.893, Average RTT
F1, 312.61, 229.953, Average RTT
F1, 312.71, 230.014, Average RTT
F1, 312.81, 230.074, Average RTT
F1, 312.91, 230.134, Average RTT
F1, 313.01, 230.194, Average RTT
F1, 313.11, 230.255, Average RTT
F1, 313.21, 230.315, Average RTT
F1, 313.31, 230.375, Average RTT
F1, 313.41, 230.435, Average RTT
F1, 313.51, 230.495, Average RTT
F1, 313.61, 230.555, Average RTT
F1, 313.71, 230.615, Average RTT
F1, 313.81, 230.675, Average RTT
F1, 313.91, 230.735, Average RTT
F1, 314.01, 230.795, Average RTT
F1, 314.11, 230.855, Average RTT
F1, 314.21, 230.915, Average RTT
F1, 314.31, 230.975, Average RTT
F1, 314.41, 231.035, Average RTT
F1, 314.51, 231.095, Average RTT
F1, 314.61, 231.155, Average RTT
F1, 314.71, 231.215, Average RTT
F1, 314.81, 231.275, Average RTT
F1, 314.91, 231.335, Average RTT
F1, 315.01, 231.395, Average RTT
F1, 315.11, 231.455, Average RTT
F1, 315.21, 231.514, Average RTT
F1, 315.31, 231.574, Average RTT
F1, 315.41, 231.634, Average RTT
F1, 315.51, 231.694, Average RTT
F1, 315.61, 231.754, Average RTT
F1, 315.71, 231.813, Average RTT
F1, 315.81, 231.873, Average RTT
F1, 315.91, 231.933, Average RTT
F1, 316.01, 231.993, Average RTT
F1, 316.11, 232.052, Average RTT
F1, 316.21, 232.112, Average RTT
F1, 316.31, 232.172, Average RTT
F1, 316.41, 232.231, Average RTT
F1, 316.51, 232.291, Average RTT
F1, 316.61, 232.35, Average RTT
F1, 316.71, 232.41, Average RTT
F1, 316.81, 232.47, Average RTT
F1, 316.91, 232.529, Average RTT
F1, 317.01, 232.589, Average RTT
F1, 317.11, 232.648, Average RTT
F1, 317.21, 232.708, Average RTT
F1, 317.41, 232.767, Average RTT
F1, 317.51, 232.827, Average RTT
F1, 317.61, 232.886, Average RTT
F1, 317.71, 232.946, Average RTT
F1, 317.81, 233.005, Average RTT
F1, 318.01, 233.065, Average RTT
F1, 318.21, 233.125, Average RTT
F1, 318.41, 233.184, Average RTT
F1, 318.71, 233.244, Average RTT
F1, 318.91, 233.304, Average RTT
F1, 319.11, 233.364, Average RTT
F1, 319.31, 233.424, Average RTT
F1, 319.51, 233.484, Average RTT
F1, 319.71, 233.545, Average RTT
F1, 319.91, 233.605, Average RTT
F1, 320.11, 233.665, Average RTT
F1, 320.31, 233.725, Average RTT
F1, 320.61, 233.786, Average RTT
F1, 320.71, 233.846, Average RTT
F1, 321.01, 233.907, Average RTT
F1, 321.21, 233.968, Average RTT
F1, 321.41, 234.029, Average RTT
F1, 321.61, 234.089, Average RTT
F1, 321.81, 234.15, Average RTT
F1, 322.01, 234.211, Average RTT
F1, 322.21, 234.272, Average RTT
F1, 322.41, 234.333, Average RTT
F1, 322.61, 234.394, Average RTT
F1, 322.91, 234.456, Average RTT
F1, 323.11, 234.517, Average RTT
F1, 323.41, 234.579, Average RTT
F1, 323.61, 234.64, Average RTT
F1, 323.81, 234.702, Average RTT
F1, 324.01, 234.763, Average RTT
F1, 324.11, 234.825, Average RTT
F1, 324.31, 234.887, Average RTT
F1, 324.61, 234.949, Average RTT
F1, 324.91, 235.011, Average RTT
F1, 325.11, 235.073, Average RTT
F1, 325.21, 235.135, Average RTT
F1, 325.51, 235.197, Average RTT
F1, 325.71, 235.259, Average RTT
F1, 325.91, 235.321, Average RTT
F1, 326.11, 235.384, Average RTT
F1, 326.21, 235.446, Average RTT
F1, 326.51, 235.508, Average RTT
F1, 326.81, 235.571, Average RTT
F1, 327.01, 235.634, Average RTT
F1, 327.21, 235.696, Average RTT
F1, 327.41, 235.759, Average RTT
F1, 327.61, 235.822, Average RTT
F1, 327.91, 235.885, Average RTT
F1, 328.11, 235.948, Average RTT
F1, 328.21, 236.011, Average RTT
F1, 328.51, 236.074, Average RTT
F1, 328.71, 236.137, Average RTT
F1, 329.01, 236.2, Average RTT
F1, 329.21, 236.264, Average RTT
F1, 329.41, 236.327, Average RTT
F1, 329.51, 236.391, Average RTT
F1, 329.71, 236.454, Average RTT
F1, 330.01, 236.518, Average RTT
F1, 330.21, 236.581, Average RTT
F1, 330.51, 236.645, Average RTT
F1, 330.71, 236.709, Average RTT
F1, 330.91, 236.773, Average RTT
F1, 331.11, 236.837, Average RTT
F1, 331.31, 236.901, Average RTT
F1, 331.51, 236.965, Average RTT
F1, 331.71, 237.029, Average RTT
F1, 331.91, 237.093, Average RTT
F1, 332.11, 237.158, Average RTT
F1, 332.31, 237.222, Average RTT
F1, 332.51, 237.286, Average RTT
F1, 332.71, 237.351, Average RTT
F1, 332.91, 237.415, Average RTT
F1, 333.11, 237.48, Average RTT
F1, 333.21, 237.544, Average RTT
F1, 333.41, 237.609, Average RTT
F1, 333.51, 237.673, Average RTT
F1, 333.71, 237.738, Average RTT
F1, 333.81, 237.802, Average RTT
F1, 334.01, 237.867, Average RTT
F1, 334.11, 237.931, Average RTT
F1, 334.31, 237.996, Average RTT
F1, 334.51, 238.061, Average RTT
F1, 334.71, 238.125, Average RTT
F1, 334.91, 238.19, Average RTT
F1, 335.01, 238.255, Average RTT
F1, 335.21, 238.32, Average RTT
F1, 335.31, 238.385, Average RTT
F1, 335.51, 238.449, Average RTT
F1, 335.61, 238.514, Average RTT
F1, 335.81, 238.579, Average RTT
F1, 335.91, 238.644, Average RTT
F1, 336.11, 238.709, Average RTT
F1, 336.31, 238.774, Average RTT
F1, 336.41, 238.839, Average RTT
F1, 336.61, 238.904, Average RTT
F1, 336.71, 238.969, Average RTT
F1, 336.91, 239.034, Average RTT
F1, 337.11, 239.099, Average RTT
F1, 337.21, 239.164, Average RTT
F1, 337.31, 239.229, Average RTT
F1, 337.51, 239.294, Average RTT
F1, 337.61, 239.359, Average RTT
F1, 337.81, 239.424, Average RTT
F1, 337.91, 239.489, Average RTT
F1, 338.11, 239.555, Average RTT
F1, 338.31, 239.62, Average RTT
F1, 338.41, 239.685, Average RTT
F1, 338.61, 239.75, Average RTT
F1, 338.71, 239.815, Average RTT
F1, 338.91, 239.881, Average RTT
F1, 339.01, 239.946, Average RTT
F1, 339.21, 240.011, Average RTT
F1, 339.31, 240.076, Average RTT
F1, 339.61, 240.142, Average RTT
F1, 339.71, 240.207, Average RTT
F1, 339.81, 240.272, Average RTT
F1, 339.91, 240.338, Average RTT
F1, 340.11, 240.403, Average RTT
F1, 340.21, 240.469, Average RTT
F1, 340.41, 240.534, Average RTT
F1, 340.61, 240.599, Average RTT
F1, 340.71, 240.665, Average RTT
F1, 340.91, 240.73, Average RTT
F1, 341.01, 240.796, Average RTT
F1, 341.11, 240.861, Average RTT
F1, 341.21, 240.927, Average RTT
F1, 341.31, 240.992, Average RTT
F1, 341.51, 241.057, Average RTT
F1, 341.61, 241.123, Average RTT
F1, 341.71, 241.188, Average RTT
F1, 341.91, 241.254, Average RTT
F1, 342.01, 241.319, Average RTT
F1, 342.11, 241.384, Average RTT
F1, 342.21, 241.45, Average RTT
F1, 342.41, 241.515, Average RTT
F1, 342.51, 241.581, Average RTT
F1, 342.61, 241.646, Average RTT
F1, 342.71, 241.711, Average RTT
F1, 342.91, 241.777, Average RTT
F1, 343.01, 241.842, Average RTT
F1, 343.11, 241.908, Average RTT
F1, 343.21, 241.973, Average RTT
F1, 343.41, 242.038, Average RTT
F1, 343.51, 242.104, Average RTT
F1, 343.61, 242.169, Average RTT
F1, 343.71, 242.234, Average RTT
F1, 343.91, 242.3, Average RTT
F1, 344.01, 242.365, Average RTT
F1, 344.11, 242.43, Average RTT
F1, 344.21, 242.496, Average RTT
F1, 344.41, 242.561, Average RTT
F1, 344.51, 242.626, Average RTT
F1, 344.61, 242.692, Average RTT
F1, 344.71, 242.757, Average RTT
F1, 344.91, 242.822, Average RTT
F1, 345.01, 242.888, Average RTT
F1, 345.11, 242.953, Average RTT
F1, 345.31, 243.018, Average RTT
F1, 345.41, 243.084, Average RTT
F1, 345.51, 243.149, Average RTT
F1, 345.71, 243.214, Average RTT
F1, 345.81, 243.28, Average RTT
F1, 345.91, 243.345, Average RTT
F1, 346.11, 243.41, Average RTT
F1, 346.21, 243.476, Average RTT
F1, 346.31, 243.541, Average RTT
F1, 346.51, 243.606, Average RTT
F1, 346.61, 243.672, Average RTT
F1, 346.81, 243.737, Average RTT
F1, 346.91, 243.802, Average RTT
F1, 347.01, 243.868, Average RTT
F1, 347.11, 243.933, Average RTT
F1, 347.31, 243.998, Average RTT
F1, 347.41, 244.064, Average RTT
F1, 347.61, 244.129, Average RTT
F1, 347.71, 244.195, Average RTT
F1, 347.81, 244.26, Average RTT
F1, 348.01, 244.325, Average RTT
F1, 348.11, 244.391, Average RTT
F1, 348.21, 244.456, Average RTT
F1, 348.31, 244.521, Average RTT
F1, 348.51, 244.587, Average RTT
F1, 348.61, 244.652, Average RTT
F1, 348.71, 244.718, Average RTT
F1, 348.81, 244.783, Average RTT
F1, 349.01, 244.848, Average RTT
F1, 349.11, 244.914, Average RTT
F1, 349.31, 244.979, Average RTT
F1, 349.41, 245.044, Average RTT
F1, 349.51, 245.11, Average RTT
F1, 349.71, 245.175, Average RTT
F1, 349.81, 245.241, Average RTT
F1, 349.91, 245.306, Average RTT
F1, 350.01, 245.371, Average RTT
F1, 350.21, 245.437, Average RTT
F1, 350.31, 245.502, Average RTT
F1, 350.51, 245.568, Average RTT
F1, 350.61, 245.633, Average RTT
F1, 350.71, 245.698, Average RTT
F1, 350.81, 245.764, Average RTT
F1, 351.01, 245.829, Average RTT
F1, 351.11, 245.894, Average RTT
F1, 351.31, 245.96, Average RTT
F1, 351.41, 246.025, Average RTT
F1, 351.51, 246.091, Average RTT
F1, 351.71, 246.156, Average RTT
F1, 351.81, 246.222, Average RTT
F1, 351.91, 246.287, Average RTT
F1, 352.11, 246.352, Average RTT
F1, 352.21, 246.418, Average RTT
F1, 352.31, 246.483, Average RTT
F1, 352.51, 246.549, Average RTT
F1, 352.61, 246.614, Average RTT
F1, 352.71, 246.679, Average RTT
F1, 352.81, 246.745, Average RTT
F1, 353.01, 246.81, Average RTT
F1, 353.11, 246.876, Average RTT
F1, 353.31, 246.941, Average RTT
F1, 353.41, 247.007, Average RTT
F1, 353.51, 247.072, Average RTT
F1, 353.71, 247.137, Average RTT
F1, 353.81, 247.203, Average RTT
F1, 353.91, 247.268, Average RTT
F1, 354.01, 247.334, Average RTT
F1, 354.11, 247.399, Average RTT
F1, 354.31, 247.464, Average RTT
F1, 354.51, 247.53, Average RTT
F1, 354.71, 247.595, Average RTT
F1, 354.81, 247.661, Average RTT
F1, 355.01, 247.726, Average RTT
F1, 355.11, 247.792, Average RTT
F1, 355.31, 247.858, Average RTT
F1, 355.41, 247.923, Average RTT
F1, 355.51, 247.989, Average RTT
F1, 355.71, 248.054, Average RTT
F1, 355.81, 248.12, Average RTT
F1, 355.91, 248.185, Average RTT
F1, 356.01, 248.251, Average RTT
F1, 356.21, 248.316, Average RTT
F1, 356.41, 248.382, Average RTT
F1, 356.51, 248.448, Average RTT
F1, 356.61, 248.513, Average RTT
F1, 356.71, 248.579, Average RTT
F1, 356.91, 248.644, Average RTT
F1, 357.11, 248.71, Average RTT
F1, 357.21, 248.776, Average RTT
F1, 357.31, 248.841, Average RTT
F1, 357.41, 248.907, Average RTT
F1, 357.61, 248.972, Average RTT
F1, 357.81, 249.038, Average RTT
F1, 357.91, 249.104, Average RTT
F1, 358.01, 249.169, Average RTT
F1, 358.11, 249.235, Average RTT
F1, 358.31, 249.3, Average RTT
F1, 358.51, 249.366, Average RTT
F1, 358.61, 249.432, Average RTT
F1, 358.71, 249.497, Average RTT
F1, 358.81, 249.563, Average RTT
F1, 359.01, 249.629, Average RTT
F1, 359.21, 249.695, Average RTT
F1, 359.31, 249.76, Average RTT
F1, 359.41, 249.826, Average RTT
F1, 359.51, 249.892, Average RTT
F1, 359.71, 249.957, Average RTT
F1, 359.91, 250.023, Average RTT
F1, 360.01, 250.089, Average RTT
F1, 360.11, 250.154, Average RTT
F1, 360.21, 250.22, Average RTT
F1, 360.41, 250.286, Average RTT
F1, 360.61, 250.352, Average RTT
F1, 360.71, 250.417, Average RTT
F1, 360.81, 250.483, Average RTT
F1, 361.01, 250.549, Average RTT
F1, 361.11, 250.615, Average RTT
F1, 361.21, 250.68, Average RTT
F1, 361.31, 250.746, Average RTT
F1, 361.51, 250.812, Average RTT
F1, 361.71, 250.878, Average RTT
F1, 361.81, 250.943, Average RTT
F1, 361.91, 251.009, Average RTT
F1, 362.11, 251.075, Average RTT
F1, 362.21, 251.141, Average RTT
F1, 362.31, 251.207, Average RTT
F1, 362.41, 251.272, Average RTT
F1, 362.61, 251.338, Average RTT
F1, 362.71, 251.404, Average RTT
F1, 362.91, 251.47, Average RTT
F1, 363.01, 251.536, Average RTT
F1, 363.21, 251.601, Average RTT
F1, 363.31, 251.667, Average RTT
F1, 363.41, 251.733, Average RTT
F1, 363.61, 251.799, Average RTT
F1, 363.71, 251.865, Average RTT
F1, 363.91, 251.931, Average RTT
F1, 364.01, 251.996, Average RTT
F1, 364.11, 252.062, Average RTT
F1, 364.31, 252.128, Average RTT
F1, 364.41, 252.194, Average RTT
F1, 364.61, 252.26, Average RTT
F1, 364.71, 252.326, Average RTT
F1, 364.91, 252.392, Average RTT
F1, 365.01, 252.458, Average RTT
F1, 365.11, 252.523, Average RTT
F1, 365.31, 252.589, Average RTT
F1, 365.41, 252.655, Average RTT
F1, 365.61, 252.721, Average RTT
F1, 365.71, 252.787, Average RTT
F1, 365.81, 252.853, Average RTT
F1, 366.01, 252.919, Average RTT
F1, 366.11, 252.985, Average RTT
F1, 366.21, 253.051, Average RTT
F1, 366.41, 253.117, Average RTT
F1, 366.51, 253.183, Average RTT
F1, 366.61, 253.249, Average RTT
F1, 366.71, 253.315, Average RTT
F1, 366.91, 253.38, Average RTT
F1, 367.11, 253.446, Average RTT
F1, 367.21, 253.512, Average RTT
F1, 367.31, 253.578, Average RTT
F1, 367.41, 253.644, Average RTT
F1, 367.61, 253.71, Average RTT
F1, 367.71, 253.776, Average RTT
F1, 367.91, 253.842, Average RTT
F1, 368.01, 253.908, Average RTT
F1, 368.11, 253.974, Average RTT
F1, 368.31, 254.04, Average RTT
F1, 368.41, 254.106, Average RTT
F1, 368.51, 254.172, Average RTT
F1, 368.71, 254.238, Average RTT
F1, 368.81, 254.304, Average RTT
F1, 369.01, 254.37, Average RTT
F1, 369.11, 254.436, Average RTT
F1, 369.21, 254.502, Average RTT
F1, 369.41, 254.568, Average RTT
F1, 369.51, 254.634, Average RTT
F1, 369.71, 254.7, Average RTT
F1, 369.81, 254.766, Average RTT
F1, 369.91, 254.832, Average RTT
F1, 370.01, 254.898, Average RTT
F1, 370.21, 254.964, Average RTT
F1, 370.41, 255.03, Average RTT
F1, 370.51, 255.096, Average RTT
F1, 370.61, 255.162, Average RTT
F1, 370.81, 255.228, Average RTT
F1, 370.91, 255.294, Average RTT
F1, 371.11, 255.36, Average RTT
F1, 371.21, 255.426, Average RTT
F1, 371.31, 255.492, Average RTT
F1, 371.51, 255.559, Average RTT
F1, 371.61, 255.625, Average RTT
F1, 371.71, 255.691, Average RTT
F1, 371.91, 255.757, Average RTT
F1, 372.01, 255.823, Average RTT
F1, 372.11, 255.889, Average RTT
F1, 372.21, 255.955, Average RTT
F1, 372.41, 256.021, Average RTT
F1, 372.61, 256.087, Average RTT
F1, 372.71, 256.153, Average RTT
F1, 372.81, 256.219, Average RTT
F1, 373.01, 256.285, Average RTT
F1, 373.11, 256.351, Average RTT
F1, 373.21, 256.418, Average RTT
F1, 373.41, 256.484, Average RTT
F1, 373.51, 256.55, Average RTT
F1, 373.61, 256.616, Average RTT
F1, 373.81, 256.682, Average RTT
F1, 373.91, 256.748, Average RTT
F1, 374.01, 256.814, Average RTT
F1, 374.21, 256.88, Average RTT
F1, 374.31, 256.946, Average RTT
F1, 374.41, 257.012, Average RTT
F1, 374.61, 257.079, Average RTT
F1, 374.71, 257.145, Average RTT
F1, 374.81, 257.211, Average RTT
F1, 374.91, 257.277, Average RTT
F1, 375.11, 257.343, Average RTT
F1, 375.31, 257.409, Average RTT
F1, 375.41, 257.475, Average RTT
F1, 375.51, 257.541, Average RTT
F1, 375.61, 257.607, Average RTT
F1, 375.81, 257.674, Average RTT
F1, 375.91, 257.74, Average RTT
F1, 376.11, 257.806, Average RTT
F1, 376.21, 257.872, Average RTT
F1, 376.31, 257.938, Average RTT
F1, 376.51, 258.004, Average RTT
F1, 376.61, 258.07, Average RTT
F1, 376.71, 258.137, Average RTT
F1, 376.91, 258.203, Average RTT
F1, 377.01, 258.269, Average RTT
F1, 377.11, 258.335, Average RTT
F1, 377.31, 258.401, Average RTT
F1, 377.41, 258.467, Average RTT
F1, 377.51, 258.533, Average RTT
F1, 377.71, 258.6, Average RTT
F1, 377.91, 258.666, Average RTT
F1, 378.01, 258.732, Average RTT
F1, 378.11, 258.798, Average RTT
F1, 378.31, 258.864, Average RTT
F1, 378.41, 258.93, Average RTT
F1, 378.51, 258.997, Average RTT
F1, 378.71, 259.063, Average RTT
F1, 378.81, 259.129, Average RTT
F1, 378.91, 259.195, Average RTT
F1, 379.11, 259.261, Average RTT
F1, 379.21, 259.328, Average RTT
F1, 379.31, 259.394, Average RTT
F1, 379.51, 259.46, Average RTT
F1, 379.61, 259.526, Average RTT
F1, 379.81, 259.592, Average RTT
F1, 379.91, 259.659, Average RTT
F1, 380.01, 259.725, Average RTT
F1, 380.21, 259.791, Average RTT
F1, 380.31, 259.857, Average RTT
F1, 380.41, 259.923, Average RTT
F1, 380.61, 259.99, Average RTT
F1, 380.71, 260.056, Average RTT
F1, 380.81, 260.122, Average RTT
F1, 381.01, 260.188, Average RTT
F1, 381.11, 260.255, Average RTT
F1, 381.21, 260.321, Average RTT
F1, 381.41, 260.387, Average RTT
F1, 381.51, 260.453, Average RTT
F1, 381.71, 260.519, Average RTT
F1, 381.91, 260.586, Average RTT
F1, 382.01, 260.652, Average RTT
F1, 382.21, 260.718, Average RTT
F1, 382.31, 260.785, Average RTT
F1, 382.51, 260.851, Average RTT
F1, 382.61, 260.917, Average RTT
F1, 382.71, 260.984, Average RTT
F1, 382.81, 261.05, Average RTT
F1, 383.01, 261.116, Average RTT
F1, 383.11, 261.183, Average RTT
F1, 383.31, 261.249, Average RTT
F1, 383.41, 261.315, Average RTT
F1, 383.51, 261.382, Average RTT
F1, 383.61, 261.448, Average RTT
F1, 383.81, 261.514, Average RTT
F1, 384.01, 261.581, Average RTT
F1, 384.11, 261.647, Average RTT
F1, 384.21, 261.713, Average RTT
F1, 384.31, 261.78, Average RTT
F1, 384.51, 261.846, Average RTT
F1, 384.61, 261.912, Average RTT
F1, 384.81, 261.979, Average RTT
F1, 384.91, 262.045, Average RTT
F1, 385.01, 262.111, Average RTT
F1, 385.11, 262.178, Average RTT
F1, 385.31, 262.244, Average RTT
F1, 385.51, 262.31, Average RTT
F1, 385.61, 262.377, Average RTT
F1, 385.71, 262.443, Average RTT
F1, 385.91, 262.509, Average RTT
F1, 386.01, 262.576, Average RTT
F1, 386.11, 262.642, Average RTT
F1, 386.31, 262.709, Average RTT
F1, 386.41, 262.775, Average RTT
F1, 386.51, 262.841, Average RTT
F1, 386.61, 262.908, Average RTT
F1, 386.81, 262.974, Average RTT
F1, 386.91, 263.04, Average RTT
F1, 387.11, 263.107, Average RTT
F1, 387.21, 263.173, Average RTT
F1, 387.31, 263.239, Average RTT
F1, 387.41, 263.306, Average RTT
F1, 387.61, 263.372, Average RTT
F1, 387.81, 263.439, Average RTT
F1, 387.91, 263.505, Average RTT
F1, 388.01, 263.571, Average RTT
F1, 388.21, 263.638, Average RTT
F1, 388.31, 263.704, Average RTT
F1, 388.41, 263.771, Average RTT
F1, 388.61, 263.837, Average RTT
F1, 388.71, 263.903, Average RTT
F1, 388.81, 263.97, Average RTT
F1, 388.91, 264.036, Average RTT
F1, 389.11, 264.102, Average RTT
F1, 389.31, 264.169, Average RTT
F1, 389.41, 264.235, Average RTT
F1, 389.51, 264.302, Average RTT
F1, 389.71, 264.368, Average RTT
F1, 389.81, 264.435, Average RTT
F1, 390.01, 264.501, Average RTT
F1, 390.11, 264.568, Average RTT
F1, 390.21, 264.634, Average RTT
F1, 390.31, 264.7, Average RTT
F1, 390.51, 264.767, Average RTT
F1, 390.61, 264.833, Average RTT
F1, 390.71, 264.9, Average RTT
F1, 390.91, 264.966, Average RTT
F1, 391.01, 265.032, Average RTT
F1, 391.11, 265.099, Average RTT
F1, 391.31, 265.165, Average RTT
F1, 391.41, 265.232, Average RTT
F1, 391.61, 265.298, Average RTT
F1, 391.71, 265.365, Average RTT
F1, 391.81, 265.431, Average RTT
F1, 392.01, 265.498, Average RTT
F1, 392.11, 265.564, Average RTT
F1, 392.31, 265.63, Average RTT
F1, 392.41, 265.697, Average RTT
F1, 392.51, 265.763, Average RTT
F1, 392.61, 265.83, Average RTT
F1, 392.81, 265.896, Average RTT
F1, 392.91, 265.963, Average RTT
F1, 393.11, 266.029, Average RTT
F1, 393.21, 266.096, Average RTT
F1, 393.41, 266.162, Average RTT
F1, 393.51, 266.229, Average RTT
F1, 393.71, 266.295, Average RTT
F1, 393.81, 266.362, Average RTT
F1, 393.91, 266.428, Average RTT
F1, 394.11, 266.495, Average RTT
F1, 394.21, 266.561, Average RTT
F1, 394.31, 266.628, Average RTT
F1, 394.51, 266.694, Average RTT
F1, 394.61, 266.761, Average RTT
F1, 394.71, 266.827, Average RTT
F1, 394.91, 266.894, Average RTT
F1, 395.01, 266.96, Average RTT
F1, 395.11, 267.027, Average RTT
F1, 395.31, 267.093, Average RTT
F1, 395.41, 267.16, Average RTT
F1, 395.61, 267.226, Average RTT
F1, 395.71, 267.293, Average RTT
F1, 395.81, 267.359, Average RTT
F1, 396.01, 267.426, Average RTT
F1, 396.11, 267.492, Average RTT
F1, 396.21, 267.559, Average RTT
F1, 396.41, 267.625, Average RTT
F1, 396.61, 267.692, Average RTT
F1, 396.71, 267.759, Average RTT
F1, 396.81, 267.825, Average RTT
F1, 397.01, 267.892, Average RTT
F1, 397.11, 267.958, Average RTT
F1, 397.31, 268.025, Average RTT
F1, 397.41, 268.091, Average RTT
F1, 397.51, 268.158, Average RTT
F1, 397.61, 268.225, Average RTT
F1, 397.81, 268.291, Average RTT
F1, 397.91, 268.358, Average RTT
F1, 398.01, 268.424, Average RTT
F1, 398.21, 268.491, Average RTT
F1, 398.31, 268.557, Average RTT
F1, 398.51, 268.624, Average RTT
F1, 398.61, 268.691, Average RTT
F1, 398.71, 268.757, Average RTT
F1, 398.81, 268.824, Average RTT
F1, 399.01, 268.89, Average RTT
F1, 399.21, 268.957, Average RTT
F1, 399.31, 269.024, Average RTT
F1, 399.41, 269.09, Average RTT
F1, 399.61, 269.157, Average RTT
F1, 399.71, 269.223, Average RTT
F1, 399.81, 269.29, Average RTT
F1, 399.91, 269.356, Average RTT
F1, 400.11, 269.423, Average RTT
F1, 400.31, 269.49, Average RTT
F1, 400.41, 269.556, Average RTT
F1, 400.51, 269.623, Average RTT
F1, 400.71, 269.69, Average RTT
F1, 400.81, 269.756, Average RTT
F1, 401.01, 269.823, Average RTT
F1, 401.11, 269.89, Average RTT
F1, 401.21, 269.956, Average RTT
F1, 401.31, 270.023, Average RTT
F1, 401.51, 270.089, Average RTT
F1, 401.61, 270.156, Average RTT
F1, 401.71, 270.223, Average RTT
F1, 401.91, 270.289, Average RTT
F1, 402.01, 270.356, Average RTT
F1, 402.11, 270.422, Average RTT
F1, 402.31, 270.489, Average RTT
F1, 402.41, 270.556, Average RTT
F1, 402.61, 270.622, Average RTT
F1, 402.71, 270.689, Average RTT
F1, 402.81, 270.756, Average RTT
F1, 403.01, 270.822, Average RTT
F1, 403.11, 270.889, Average RTT
F1, 403.31, 270.956, Average RTT
F1, 403.41, 271.022, Average RTT
F1, 403.51, 271.089, Average RTT
F1, 403.61, 271.156, Average RTT
F1, 403.81, 271.222, Average RTT
F1, 404.01, 271.289, Average RTT
F1, 404.11, 271.356, Average RTT
F1, 404.21, 271.422, Average RTT
F1, 404.41, 271.489, Average RTT
F1, 404.51, 271.556, Average RTT
F1, 404.61, 271.622, Average RTT
F1, 404.71, 271.689, Average RTT
F1, 404.91, 271.756, Average RTT
F1, 405.01, 271.822, Average RTT
F1, 405.21, 271.889, Average RTT
F1, 405.31, 271.956, Average RTT
F1, 405.41, 272.022, Average RTT
F1, 405.51, 272.089, Average RTT
F1, 405.71, 272.156, Average RTT
F1, 405.91, 272.222, Average RTT
F1, 406.01, 272.289, Average RTT
F1, 406.11, 272.356, Average RTT
F1, 406.31, 272.422, Average RTT
F1, 406.41, 272.489, Average RTT
F1, 406.51, 272.556, Average RTT
F1, 406.61, 272.622, Average RTT
F1, 406.81, 272.689, Average RTT
F1, 407.01, 272.756, Average RTT
F1, 407.21, 272.823, Average RTT
F1, 407.41, 272.889, Average RTT
F1, 407.51, 272.956, Average RTT
F1, 407.71, 273.023, Average RTT
F1, 407.91, 273.09, Average RTT
F1, 408.01, 273.157, Average RTT
F1, 408.21, 273.224, Average RTT
F1, 408.51, 273.291, Average RTT
F1, 408.71, 273.358, Average RTT
F1, 408.81, 273.425, Average RTT
F1, 409.01, 273.492, Average RTT
F1, 409.11, 273.559, Average RTT
F1, 409.31, 273.626, Average RTT
F1, 409.41, 273.693, Average RTT
F1, 409.61, 273.76, Average RTT
F1, 409.71, 273.827, Average RTT
F1, 409.91, 273.894, Average RTT
F1, 410.11, 273.961, Average RTT
F1, 410.31, 274.028, Average RTT
F1, 410.51, 274.095, Average RTT
F1, 410.71, 274.162, Average RTT
F1, 410.81, 274.23, Average RTT
F1, 411.01, 274.297, Average RTT
F1, 411.21, 274.364, Average RTT
F1, 411.31, 274.431, Average RTT
F1, 411.61, 274.499, Average RTT
F1, 411.81, 274.566, Average RTT
F1, 411.91, 274.633, Average RTT
F1, 412.11, 274.701, Average RTT
F1, 412.21, 274.768, Average RTT
F1, 412.41, 274.836, Average RTT
F1, 412.61, 274.903, Average RTT
F1, 412.81, 274.97, Average RTT
F1, 412.91, 275.038, Average RTT
F1, 413.01, 275.105, Average RTT
F1, 413.21, 275.173, Average RTT
F1, 413.41, 275.24, Average RTT
F1, 413.51, 275.308, Average RTT
F1, 413.71, 275.375, Average RTT
F1, 413.91, 275.443, Average RTT
F1, 414.11, 275.51, Average RTT
F1, 414.31, 275.578, Average RTT
F1, 414.51, 275.646, Average RTT
F1, 414.61, 275.713, Average RTT
F1, 414.81, 275.781, Average RTT
F1, 415.01, 275.849, Average RTT
F1, 415.11, 275.916, Average RTT
F1, 415.31, 275.984, Average RTT
F1, 415.51, 276.052, Average RTT
F1, 415.61, 276.12, Average RTT
F1, 415.81, 276.187, Average RTT
F1, 416.01, 276.255, Average RTT
F1, 416.11, 276.323, Average RTT
F1, 416.31, 276.391, Average RTT
F1, 416.51, 276.459, Average RTT
F1, 416.71, 276.527, Average RTT
F1, 416.91, 276.594, Average RTT
F1, 417.01, 276.662, Average RTT
F1, 417.21, 276.73, Average RTT
F1, 417.41, 276.798, Average RTT
F1, 417.61, 276.866, Average RTT
F1, 417.81, 276.934, Average RTT
F1, 417.91, 277.002, Average RTT
F1, 418.01, 277.07, Average RTT
F1, 418.21, 277.138, Average RTT
F1, 418.31, 277.206, Average RTT
F1, 423.91, 277.277, Average RTT
F1, 424.01, 277.348, Average RTT
F1, 424.11, 277.419, Average RTT
F1, 424.31, 277.49, Average RTT
F1, 424.51, 277.561, Average RTT
F1, 424.61, 277.631, Average RTT
F1, 424.81, 277.702, Average RTT
F1, 424.91, 277.773, Average RTT
F1, 425.01, 277.844, Average RTT
F1, 425.21, 277.915, Average RTT
F1, 425.31, 277.986, Average RTT
F1, 425.41, 278.057, Average RTT
F1, 425.61, 278.127, Average RTT
F1, 425.81, 278.198, Average RTT
F1, 425.91, 278.269, Average RTT
F1, 426.11, 278.34, Average RTT
F1, 426.21, 278.411, Average RTT
F1, 426.31, 278.482, Average RTT
F1, 426.51, 278.553, Average RTT
F1, 426.61, 278.624, Average RTT
F1, 426.81, 278.695, Average RTT
F1, 426.91, 278.765, Average RTT
F1, 427.11, 278.836, Average RTT
F1, 427.21, 278.907, Average RTT
F1, 427.31, 278.978, Average RTT
F1, 427.51, 279.049, Average RTT
F1, 427.61, 279.12, Average RTT
F1, 427.81, 279.191, Average RTT
F1, 428.01, 279.262, Average RTT
F1, 428.11, 279.333, Average RTT
F1, 428.21, 279.403, Average RTT
F1, 428.31, 279.474, Average RTT
F1, 428.51, 279.545, Average RTT
F1, 428.61, 279.616, Average RTT
F1, 428.81, 279.687, Average RTT
F1, 428.91, 279.758, Average RTT
F1, 429.11, 279.829, Average RTT
F1, 429.21, 279.9, Average RTT
F1, 429.31, 279.971, Average RTT
F1, 429.51, 280.041, Average RTT
F1, 429.71, 280.112, Average RTT
F1, 429.81, 280.183, Average RTT
F1, 430.01, 280.254, Average RTT
F1, 430.11, 280.325, Average RTT
F1, 430.31, 280.396, Average RTT
F1, 430.41, 280.467, Average RTT
F1, 430.51, 280.538, Average RTT
F1, 430.71, 280.609, Average RTT
F1, 430.81, 280.68, Average RTT
F1, 431.01, 280.751, Average RTT
F1, 431.11, 280.822, Average RTT
F1, 431.31, 280.893, Average RTT
F1, 431.51, 280.964, Average RTT
F1, 431.61, 281.035, Average RTT
F1, 431.71, 281.105, Average RTT
F1, 431.91, 281.176, Average RTT
F1, 432.01, 281.247, Average RTT
F1, 432.11, 281.318, Average RTT
F1, 432.31, 281.389, Average RTT
F1, 432.51, 281.46, Average RTT
F1, 432.61, 281.531, Average RTT
F1, 432.71, 281.602, Average RTT
F1, 432.91, 281.673, Average RTT
F1, 433.01, 281.744, Average RTT
F1, 433.11, 281.815, Average RTT
F1, 433.31, 281.886, Average RTT
F1, 433.41, 281.957, Average RTT
F1, 433.61, 282.028, Average RTT
F1, 433.71, 282.099, Average RTT
F1, 433.81, 282.17, Average RTT
F1, 434.01, 282.241, Average RTT
F1, 434.11, 282.312, Average RTT
F1, 434.31, 282.383, Average RTT
F1, 434.41, 282.453, Average RTT
F1, 434.61, 282.524, Average RTT
F1, 434.71, 282.595, Average RTT
F1, 434.81, 282.666, Average RTT
F1, 434.91, 282.737, Average RTT
F1, 435.01, 282.808, Average RTT
F1, 435.11, 282.879, Average RTT
F1, 435.21, 282.95, Average RTT
F1, 435.31, 283.021, Average RTT
F1, 435.41, 283.091, Average RTT
F1, 435.51, 283.162, Average RTT
F1, 435.61, 283.233, Average RTT
F1, 435.71, 283.304, Average RTT
F1, 435.81, 283.374, Average RTT
F1, 435.91, 283.445, Average RTT
F1, 436.01, 283.516, Average RTT
F1, 436.11, 283.586, Average RTT
F1, 436.21, 283.657, Average RTT
F1, 436.31, 283.728, Average RTT
F1, 436.41, 283.798, Average RTT
F1, 436.51, 283.869, Average RTT
F1, 436.61, 283.939, Average RTT
F1, 436.81, 284.01, Average RTT
F1, 436.91, 284.081, Average RTT
F1, 437.01, 284.151, Average RTT
F1, 437.11, 284.222, Average RTT
F1, 437.21, 284.292, Average RTT
F1, 437.31, 284.363, Average RTT
F1, 437.41, 284.433, Average RTT
F1, 437.51, 284.504, Average RTT
F1, 437.61, 284.574, Average RTT
F1, 437.71, 284.644, Average RTT
F1, 437.81, 284.715, Average RTT
F1, 437.91, 284.785, Average RTT
F1, 438.01, 284.855, Average RTT
F1, 438.11, 284.926, Average RTT
F1, 438.21, 284.996, Average RTT
F1, 438.31, 285.066, Average RTT
F1, 438.41, 285.137, Average RTT
F1, 438.51, 285.207, Average RTT
F1, 438.61, 285.277, Average RTT
F1, 438.71, 285.347, Average RTT
F1, 438.81, 285.417, Average RTT
F1, 438.91, 285.488, Average RTT
F1, 439.01, 285.558, Average RTT
F1, 439.11, 285.628, Average RTT
F1, 439.21, 285.698, Average RTT
F1, 439.31, 285.768, Average RTT
F1, 439.51, 285.838, Average RTT
F1, 439.61, 285.908, Average RTT
F1, 439.71, 285.978, Average RTT
F1, 439.91, 286.048, Average RTT
F1, 440.01, 286.118, Average RTT
F1, 440.11, 286.189, Average RTT
F1, 440.31, 286.259, Average RTT
F1, 440.51, 286.329, Average RTT
F1, 440.61, 286.399, Average RTT
F1, 440.81, 286.469, Average RTT
F1, 440.91, 286.539, Average RTT
F1, 441.01, 286.609, Average RTT
F1, 441.21, 286.679, Average RTT
F1, 441.41, 286.749, Average RTT
F1, 441.51, 286.82, Average RTT
F1, 441.61, 286.89, Average RTT
F1, 441.71, 286.96, Average RTT
F1, 441.91, 287.03, Average RTT
F1, 442.01, 287.1, Average RTT
F1, 442.21, 287.17, Average RTT
F1, 442.31, 287.24, Average RTT
F1, 442.41, 287.31, Average RTT
F1, 442.61, 287.38, Average RTT
F1, 442.71, 287.451, Average RTT
F1, 442.91, 287.521, Average RTT
F1, 443.11, 287.591, Average RTT
F1, 443.21, 287.661, Average RTT
F1, 443.41, 287.731, Average RTT
F1, 443.51, 287.801, Average RTT
F1, 443.61, 287.871, Average RTT
F1, 443.71, 287.941, Average RTT
F1, 444.01, 288.012, Average RTT
F1, 444.11, 288.082, Average RTT
F1, 444.21, 288.152, Average RTT
F1, 444.41, 288.222, Average RTT
F1, 444.51, 288.292, Average RTT
F1, 444.71, 288.362, Average RTT
F1, 444.81, 288.433, Average RTT
F1, 445.01, 288.503, Average RTT
F1, 445.11, 288.573, Average RTT
F1, 445.31, 288.643, Average RTT
F1, 445.41, 288.713, Average RTT
F1, 445.51, 288.784, Average RTT
F1, 445.71, 288.854, Average RTT
F1, 445.81, 288.924, Average RTT
F1, 445.91, 288.994, Average RTT
F1, 446.11, 289.064, Average RTT
F1, 446.21, 289.134, Average RTT
F1, 446.41, 289.205, Average RTT
F1, 446.51, 289.275, Average RTT
F1, 446.71, 289.345, Average RTT
F1, 446.91, 289.415, Average RTT
F1, 447.01, 289.485, Average RTT
F1, 447.21, 289.556, Average RTT
F1, 447.31, 289.626, Average RTT
F1, 447.41, 289.696, Average RTT
F1, 447.51, 289.766, Average RTT
F1, 447.61, 289.836, Average RTT
F1, 447.81, 289.907, Average RTT
F1, 448.01, 289.977, Average RTT
F1, 448.21, 290.047, Average RTT
F1, 448.31, 290.117, Average RTT
F1, 448.41, 290.187, Average RTT
F1, 448.51, 290.258, Average RTT
F1, 448.71, 290.328, Average RTT
F1, 448.91, 290.398, Average RTT
F1, 449.01, 290.468, Average RTT
F1, 449.11, 290.539, Average RTT
F1, 449.21, 290.609, Average RTT
F1, 449.41, 290.679, Average RTT
F1, 449.61, 290.749, Average RTT
F1, 449.71, 290.819, Average RTT
F1, 449.91, 290.89, Average RTT
F1, 450.01, 290.96, Average RTT
F1, 450.11, 291.03, Average RTT
F1, 450.31, 291.1, Average RTT
F1, 450.41, 291.171, Average RTT
F1, 450.61, 291.241, Average RTT
F1, 450.71, 291.311, Average RTT
F1, 450.91, 291.381, Average RTT
F1, 451.01, 291.452, Average RTT
F1, 451.11, 291.522, Average RTT
F1, 451.31, 291.592, Average RTT
F1, 451.51, 291.662, Average RTT
F1, 451.71, 291.733, Average RTT
F1, 451.81, 291.803, Average RTT
F1, 452.01, 291.873, Average RTT
F1, 452.21, 291.944, Average RTT
F1, 452.41, 292.014, Average RTT
F1, 452.71, 292.084, Average RTT
F1, 452.91, 292.155, Average RTT
F1, 453.11, 292.225, Average RTT
F1, 453.31, 292.296, Average RTT
F1, 453.41, 292.366, Average RTT
F1, 453.61, 292.437, Average RTT
F1, 453.81, 292.507, Average RTT
F1, 454.01, 292.578, Average RTT
F1, 454.21, 292.649, Average RTT
F1, 454.41, 292.719, Average RTT
F1, 454.61, 292.79, Average RTT
F1, 454.81, 292.861, Average RTT
F1, 455.01, 292.931, Average RTT
F1, 455.21, 293.002, Average RTT
F1, 455.51, 293.073, Average RTT
F1, 455.71, 293.144, Average RTT
F1, 455.91, 293.215, Average RTT
F1, 456.11, 293.286, Average RTT
F1, 456.21, 293.357, Average RTT
F1, 456.41, 293.427, Average RTT
F1, 456.61, 293.498, Average RTT
F1, 456.71, 293.569, Average RTT
F1, 456.91, 293.64, Average RTT
F1, 457.11, 293.711, Average RTT
F1, 457.41, 293.782, Average RTT
F1, 457.51, 293.853, Average RTT
F1, 457.71, 293.924, Average RTT
F1, 457.91, 293.996, Average RTT
F1, 458.11, 294.067, Average RTT
F1, 458.21, 294.138, Average RTT
F1, 458.51, 294.209, Average RTT
F1, 458.71, 294.28, Average RTT
F1, 458.81, 294.351, Average RTT
F1, 459.01, 294.423, Average RTT
F1, 459.21, 294.494, Average RTT
F1, 459.41, 294.565, Average RTT
F1, 459.71, 294.636, Average RTT
F1, 460.11, 294.708, Average RTT
F1, 460.31, 294.779, Average RTT
F1, 460.71, 294.851, Average RTT
F1, 460.91, 294.922, Average RTT
F1, 461.21, 294.994, Average RTT
F1, 461.51, 295.066, Average RTT
F1, 461.71, 295.138, Average RTT
F1, 462.01, 295.21, Average RTT
F1, 462.31, 295.282, Average RTT
F1, 462.71, 295.354, Average RTT
F1, 462.91, 295.426, Average RTT
F1, 463.11, 295.498, Average RTT
F1, 463.31, 295.57, Average RTT
F1, 463.51, 295.642, Average RTT
F1, 463.61, 295.714, Average RTT
F1, 463.81, 295.786, Average RTT
F1, 464.01, 295.859, Average RTT
F1, 464.11, 295.931, Average RTT
F1, 464.31, 296.003, Average RTT
F1, 464.51, 296.075, Average RTT
F1, 464.61, 296.147, Average RTT
F1, 464.81, 296.22, Average RTT
F1, 465.01, 296.292, Average RTT
F1, 465.11, 296.364, Average RTT
F1, 465.31, 296.436, Average RTT
F1, 465.41, 296.509, Average RTT
F1, 465.61, 296.581, Average RTT
F1, 465.81, 296.653, Average RTT
F1, 465.91, 296.725, Average RTT
F1, 466.11, 296.798, Average RTT
F1, 466.21, 296.87, Average RTT
F1, 466.41, 296.942, Average RTT
F1, 466.51, 297.014, Average RTT
F1, 466.71, 297.087, Average RTT
F1, 466.91, 297.159, Average RTT
F1, 467.01, 297.231, Average RTT
F1, 467.11, 297.304, Average RTT
F1, 467.21, 297.376, Average RTT
F1, 467.31, 297.448, Average RTT
F1, 467.51, 297.52, Average RTT
F1, 467.61, 297.593, Average RTT
F1, 467.71, 297.665, Average RTT
F1, 467.91, 297.737, Average RTT
F1, 468.01, 297.809, Average RTT
F1, 468.11, 297.882, Average RTT
F1, 468.21, 297.954, Average RTT
F1, 468.31, 298.026, Average RTT
F1, 468.51, 298.098, Average RTT
F1, 468.61, 298.17, Average RTT
F1, 468.71, 298.242, Average RTT
F1, 468.91, 298.315, Average RTT
F1, 469.01, 298.387, Average RTT
F1, 469.11, 298.459, Average RTT
F1, 469.21, 298.531, Average RTT
F1, 469.41, 298.603, Average RTT
F1, 469.51, 298.675, Average RTT
F1, 469.61, 298.747, Average RTT
F1, 469.71, 298.82, Average RTT
F1, 469.91, 298.892, Average RTT
F1, 470.11, 298.964, Average RTT
F1, 470.21, 299.036, Average RTT
F1, 470.31, 299.108, Average RTT
F1, 470.41, 299.18, Average RTT
F1, 470.61, 299.252, Average RTT
F1, 470.71, 299.324, Average RTT
F1, 470.91, 299.396, Average RTT
F1, 471.01, 299.468, Average RTT
F1, 471.11, 299.541, Average RTT
F1, 471.21, 299.613, Average RTT
F1, 471.31, 299.685, Average RTT
F1, 471.51, 299.757, Average RTT
F1, 471.61, 299.829, Average RTT
F1, 471.71, 299.901, Average RTT
F1, 472.01, 299.973, Average RTT
F1, 472.11, 300.045, Average RTT
F1, 472.21, 300.117, Average RTT
F1, 472.31, 300.189, Average RTT
F1, 472.51, 300.261, Average RTT
F1, 472.61, 300.333, Average RTT
F1, 472.71, 300.405, Average RTT
F1, 472.91, 300.477, Average RTT
F1, 473.01, 300.549, Average RTT
F1, 473.11, 300.621, Average RTT
F1, 473.21, 300.693, Average RTT
F1, 473.31, 300.765, Average RTT
F1, 473.51, 300.837, Average RTT
F1, 473.61, 300.909, Average RTT
F1, 473.81, 300.981, Average RTT
F1, 473.91, 301.053, Average RTT
F1, 474.01, 301.125, Average RTT
F1, 474.11, 301.197, Average RTT
F1, 474.31, 301.269, Average RTT
F1, 474.41, 301.341, Average RTT
F1, 474.61, 301.413, Average RTT
F1, 474.81, 301.485, Average RTT
F1, 474.91, 301.557, Average RTT
F1, 475.01, 301.629, Average RTT
F1, 475.21, 301.701, Average RTT
F1, 475.31, 301.772, Average RTT
F1, 475.41, 301.844, Average RTT
F1, 475.51, 301.916, Average RTT
F1, 475.71, 301.988, Average RTT
F1, 475.91, 302.06, Average RTT
F1, 476.01, 302.132, Average RTT
F1, 476.11, 302.204, Average RTT
F1, 476.31, 302.276, Average RTT
F1, 476.41, 302.348, Average RTT
F1, 476.61, 302.42, Average RTT
F1, 476.71, 302.492, Average RTT
F1, 476.91, 302.564, Average RTT
F1, 477.01, 302.636, Average RTT
F1, 477.21, 302.708, Average RTT
F1, 477.31, 302.78, Average RTT
F1, 477.41, 302.852, Average RTT
F1, 477.61, 302.924, Average RTT
F1, 477.71, 302.995, Average RTT
F1, 477.91, 303.067, Average RTT
F1, 478.01, 303.139, Average RTT
F1, 478.21, 303.211, Average RTT
F1, 478.41, 303.283, Average RTT
F1, 478.61, 303.355, Average RTT
F1, 478.71, 303.427, Average RTT
F1, 478.81, 303.499, Average RTT
F1, 479.01, 303.571, Average RTT
F1, 479.11, 303.643, Average RTT
F1, 479.31, 303.715, Average RTT
F1, 479.41, 303.787, Average RTT
F1, 479.61, 303.859, Average RTT
F1, 479.81, 303.931, Average RTT
F1, 479.91, 304.003, Average RTT
F1, 480.11, 304.075, Average RTT
F1, 480.21, 304.147, Average RTT
F1, 480.41, 304.219, Average RTT
F1, 480.61, 304.291, Average RTT
F1, 480.71, 304.364, Average RTT
F1, 480.81, 304.436, Average RTT
F1, 481.01, 304.508, Average RTT
F1, 481.11, 304.58, Average RTT
F1, 481.31, 304.652, Average RTT
F1, 481.51, 304.724, Average RTT
F1, 481.61, 304.796, Average RTT
F1, 481.71, 304.868, Average RTT
F1, 481.91, 304.94, Average RTT
F1, 482.11, 305.012, Average RTT
F1, 482.31, 305.084, Average RTT
F1, 482.41, 305.156, Average RTT
F1, 482.61, 305.228, Average RTT
F1, 482.81, 305.3, Average RTT
F1, 482.91, 305.373, Average RTT
F1, 483.11, 305.445, Average RTT
F1, 483.31, 305.517, Average RTT
F1, 483.41, 305.589, Average RTT
F1, 483.61, 305.661, Average RTT
F1, 483.81, 305.733, Average RTT
F1, 484.01, 305.806, Average RTT
F1, 484.21, 305.878, Average RTT
F1, 484.31, 305.95, Average RTT
F1, 484.41, 306.022, Average RTT
F1, 484.61, 306.095, Average RTT
F1, 484.71, 306.167, Average RTT
F1, 484.91, 306.239, Average RTT
F1, 485.11, 306.311, Average RTT
F1, 485.31, 306.384, Average RTT
F1, 485.51, 306.456, Average RTT
F1, 485.61, 306.528, Average RTT
F1, 485.81, 306.601, Average RTT
F1, 485.91, 306.673, Average RTT
F1, 486.11, 306.745, Average RTT
F1, 486.71, 306.818, Average RTT
F1, 486.91, 306.89, Average RTT
F1, 487.01, 306.963, Average RTT
F1, 487.21, 307.035, Average RTT
F1, 487.41, 307.108, Average RTT
F1, 487.71, 307.181, Average RTT
F1, 487.81, 307.253, Average RTT
F1, 488.01, 307.326, Average RTT
F1, 488.21, 307.398, Average RTT
F1, 488.41, 307.471, Average RTT
F1, 488.61, 307.544, Average RTT
F1, 488.81, 307.617, Average RTT
F1, 489.01, 307.689, Average RTT
F1, 489.21, 307.762, Average RTT
F1, 489.41, 307.835, Average RTT
F1, 489.71, 307.908, Average RTT
F1, 489.91, 307.981, Average RTT
F1, 490.11, 308.054, Average RTT
F1, 490.21, 308.126, Average RTT
F1, 490.51, 308.199, Average RTT
F1, 490.71, 308.272, Average RTT
F1, 490.81, 308.345, Average RTT
F1, 490.91, 308.418, Average RTT
F1, 491.11, 308.491, Average RTT
F1, 491.31, 308.564, Average RTT
F1, 491.51, 308.637, Average RTT
F1, 491.61, 308.71, Average RTT
F1, 491.81, 308.783, Average RTT
F1, 491.91, 308.856, Average RTT
F1, 492.01, 308.929, Average RTT
F1, 492.21, 309.002, Average RTT
F1, 492.41, 309.075, Average RTT
F1, 492.61, 309.148, Average RTT
F1, 492.71, 309.221, Average RTT
F1, 492.81, 309.294, Average RTT
F1, 493.01, 309.367, Average RTT
F1, 493.11, 309.44, Average RTT
F1, 493.31, 309.513, Average RTT
F1, 493.41, 309.586, Average RTT
F1, 493.61, 309.66, Average RTT
F1, 493.71, 309.733, Average RTT
F1, 493.91, 309.806, Average RTT
F1, 494.01, 309.879, Average RTT
F1, 494.11, 309.952, Average RTT
F1, 494.21, 310.025, Average RTT
F1, 494.31, 310.098, Average RTT
F1, 494.41, 310.17, Average RTT
F1, 494.61, 310.243, Average RTT
F1, 494.71, 310.316, Average RTT
F1, 494.91, 310.389, Average RTT
F1, 495.01, 310.462, Average RTT
F1, 495.11, 310.535, Average RTT
F1, 495.31, 310.608, Average RTT
F1, 495.41, 310.681, Average RTT
F1, 495.61, 310.754, Average RTT
F1, 495.71, 310.827, Average RTT
F1, 495.81, 310.9, Average RTT
F1, 496.01, 310.973, Average RTT
F1, 496.11, 311.046, Average RTT
F1, 496.21, 311.119, Average RTT
F1, 496.41, 311.192, Average RTT
F1, 496.51, 311.265, Average RTT
F1, 496.61, 311.337, Average RTT
F1, 496.71, 311.41, Average RTT
F1, 496.91, 311.483, Average RTT
F1, 497.01, 311.556, Average RTT
F1, 497.11, 311.629, Average RTT
F1, 497.31, 311.702, Average RTT
F1, 497.41, 311.775, Average RTT
F1, 497.61, 311.848, Average RTT
F1, 497.71, 311.92, Average RTT
F1, 497.81, 311.993, Average RTT
F1, 498.01, 312.066, Average RTT
F1, 498.11, 312.139, Average RTT
F1, 498.31, 312.212, Average RTT
F1, 498.41, 312.285, Average RTT
F1, 498.61, 312.357, Average RTT
F1, 498.71, 312.43, Average RTT
F1, 498.91, 312.503, Average RTT
F1, 499.01, 312.576, Average RTT
F1, 499.21, 312.649, Average RTT
F1, 499.31, 312.722, Average RTT
F1, 499.41, 312.795, Average RTT
F1, 499.61, 312.868, Average RTT
F1, 499.71, 312.94, Average RTT
F1, 499.91, 313.013, Average RTT
F1, 500.01, 313.086, Average RTT
F1, 500.21, 313.159, Average RTT
F1, 500.41, 313.232, Average RTT
F1, 500.51, 313.305, Average RTT
F1, 500.71, 313.378, Average RTT
F1, 500.81, 313.45, Average RTT
F1, 501.01, 313.523, Average RTT
F1, 501.11, 313.596, Average RTT
F1, 501.31, 313.669, Average RTT
F1, 501.41, 313.742, Average RTT
F1, 501.61, 313.815, Average RTT
F1, 501.81, 313.888, Average RTT
F1, 502.01, 313.961, Average RTT
F1, 502.11, 314.034, Average RTT
F1, 502.31, 314.107, Average RTT
F1, 502.41, 314.18, Average RTT
F1, 502.61, 314.253, Average RTT
F1, 502.81, 314.326, Average RTT
F1, 503.01, 314.399, Average RTT
F1, 503.11, 314.472, Average RTT
F1, 503.31, 314.545, Average RTT
F1, 503.41, 314.618, Average RTT
F1, 503.51, 314.691, Average RTT
F1, 503.71, 314.763, Average RTT
F1, 503.91, 314.837, Average RTT
F1, 504.01, 314.91, Average RTT
F1, 504.21, 314.983, Average RTT
F1, 504.41, 315.056, Average RTT
F1, 504.61, 315.129, Average RTT
F1, 504.81, 315.202, Average RTT
F1, 504.91, 315.275, Average RTT
F1, 505.11, 315.348, Average RTT
F1, 505.21, 315.421, Average RTT
F1, 505.41, 315.494, Average RTT
F1, 505.51, 315.567, Average RTT
F1, 505.71, 315.64, Average RTT
F1, 505.91, 315.713, Average RTT
F1, 506.11, 315.786, Average RTT
F1, 506.31, 315.86, Average RTT
F1, 506.61, 315.933, Average RTT
F1, 506.71, 316.006, Average RTT
F1, 506.91, 316.079, Average RTT
F1, 507.01, 316.152, Average RTT
F1, 507.21, 316.226, Average RTT
F1, 507.41, 316.299, Average RTT
F1, 507.61, 316.372, Average RTT
F1, 507.81, 316.445, Average RTT
F1, 508.01, 316.519, Average RTT
F1, 508.21, 316.592, Average RTT
F1, 508.51, 316.665, Average RTT
F1, 508.61, 316.739, Average RTT
F1, 508.71, 316.812, Average RTT
F1, 508.91, 316.886, Average RTT
F1, 509.11, 316.959, Average RTT
F1, 509.31, 317.032, Average RTT
F1, 509.41, 317.106, Average RTT
F1, 509.61, 317.179, Average RTT
F1, 509.71, 317.253, Average RTT
F1, 509.91, 317.326, Average RTT
F1, 510.11, 317.399, Average RTT
F1, 510.21, 317.473, Average RTT
F1, 510.41, 317.546, Average RTT
F1, 510.61, 317.62, Average RTT
F1, 510.81, 317.693, Average RTT
F1, 510.91, 317.767, Average RTT
F1, 511.01, 317.84, Average RTT
F1, 511.11, 317.914, Average RTT
F1, 511.31, 317.987, Average RTT
F1, 511.41, 318.061, Average RTT
F1, 511.61, 318.134, Average RTT
F1, 511.71, 318.208, Average RTT
F1, 511.91, 318.281, Average RTT
F1, 512.01, 318.354, Average RTT
F1, 512.21, 318.428, Average RTT
F1, 512.31, 318.501, Average RTT
F1, 512.41, 318.575, Average RTT
F1, 512.61, 318.648, Average RTT
F1, 512.71, 318.722, Average RTT
F1, 512.91, 318.795, Average RTT
F1, 513.01, 318.869, Average RTT
F1, 513.11, 318.942, Average RTT
F1, 513.31, 319.015, Average RTT
F1, 513.41, 319.089, Average RTT
F1, 513.61, 319.162, Average RTT
F1, 513.71, 319.236, Average RTT
F1, 513.91, 319.309, Average RTT
F1, 514.01, 319.383, Average RTT
F1, 514.11, 319.456, Average RTT
F1, 514.31, 319.529, Average RTT
F1, 514.41, 319.603, Average RTT
F1, 514.61, 319.676, Average RTT
F1, 514.71, 319.75, Average RTT
F1, 514.91, 319.823, Average RTT
F1, 515.01, 319.896, Average RTT
F1, 515.21, 319.97, Average RTT
F1, 515.31, 320.043, Average RTT
F1, 515.41, 320.117, Average RTT
F1, 515.61, 320.19, Average RTT
F1, 515.81, 320.264, Average RTT
F1, 516.01, 320.337, Average RTT
F1, 516.11, 320.41, Average RTT
F1, 516.31, 320.484, Average RTT
F1, 516.41, 320.557, Average RTT
F1, 516.61, 320.631, Average RTT
F1, 516.71, 320.704, Average RTT
F1, 516.91, 320.778, Average RTT
F1, 517.11, 320.851, Average RTT
F1, 517.21, 320.925, Average RTT
F1, 517.41, 320.998, Average RTT
F1, 517.51, 321.072, Average RTT
F1, 517.71, 321.145, Average RTT
F1, 517.91, 321.219, Average RTT
F1, 518.11, 321.292, Average RTT
F1, 518.21, 321.366, Average RTT
F1, 518.41, 321.439, Average RTT
F1, 518.61, 321.513, Average RTT
F1, 518.71, 321.586, Average RTT
F1, 518.81, 321.66, Average RTT
F1, 519.01, 321.733, Average RTT
F1, 519.21, 321.807, Average RTT
F1, 519.41, 321.88, Average RTT
F1, 519.51, 321.954, Average RTT
F1, 519.71, 322.028, Average RTT
F1, 519.91, 322.101, Average RTT
F1, 520.01, 322.175, Average RTT
F1, 520.11, 322.248, Average RTT
F1, 520.41, 322.322, Average RTT
F1, 520.51, 322.396, Average RTT
F1, 520.71, 322.469, Average RTT
F1, 520.91, 322.543, Average RTT
F1, 521.01, 322.617, Average RTT
F1, 521.21, 322.69, Average RTT
F1, 521.31, 322.764, Average RTT
F1, 521.51, 322.837, Average RTT
F1, 521.71, 322.911, Average RTT
F1, 521.81, 322.985, Average RTT
F1, 522.01, 323.058, Average RTT
F1, 522.21, 323.132, Average RTT
F1, 522.31, 323.206, Average RTT
F1, 522.51, 323.28, Average RTT
F1, 522.71, 323.353, Average RTT
F1, 522.81, 323.427, Average RTT
F1, 523.01, 323.501, Average RTT
F1, 523.11, 323.574, Average RTT
F1, 523.21, 323.648, Average RTT
F1, 523.41, 323.722, Average RTT
F1, 523.61, 323.796, Average RTT
F1, 523.71, 323.869, Average RTT
F1, 523.91, 323.943, Average RTT
F1, 524.01, 324.017, Average RTT
F1, 524.11, 324.09, Average RTT
F1, 524.31, 324.164, Average RTT
F1, 524.51, 324.238, Average RTT
F1, 524.81, 324.312, Average RTT
F1, 524.91, 324.385, Average RTT
F1, 525.11, 324.459, Average RTT
F1, 525.21, 324.533, Average RTT
F1, 525.31, 324.607, Average RTT
F1, 525.51, 324.68, Average RTT
F1, 525.61, 324.754, Average RTT
F1, 525.81, 324.828, Average RTT
F1, 525.91, 324.902, Average RTT
F1, 526.11, 324.976, Average RTT
F1, 526.31, 325.049, Average RTT
F1, 526.41, 325.123, Average RTT
F1, 526.51, 325.197, Average RTT
F1, 526.71, 325.271, Average RTT
F1, 526.91, 325.345, Average RTT
F1, 527.01, 325.418, Average RTT
F1, 527.21, 325.492, Average RTT
F1, 527.31, 325.566, Average RTT
F1, 527.51, 325.64, Average RTT
F1, 527.61, 325.713, Average RTT
F1, 527.71, 325.787, Average RTT
F1, 527.91, 325.861, Average RTT
F1, 528.11, 325.935, Average RTT
F1, 528.31, 326.009, Average RTT
F1, 528.41, 326.083, Average RTT
F1, 528.61, 326.156, Average RTT
F1, 528.71, 326.23, Average RTT
F1, 528.91, 326.304, Average RTT
F1, 529.01, 326.378, Average RTT
F1, 529.21, 326.452, Average RTT
F1, 529.41, 326.526, Average RTT
F1, 529.51, 326.599, Average RTT
F1, 529.71, 326.673, Average RTT
F1, 529.81, 326.747, Average RTT
F1, 530.01, 326.821, Average RTT
F1, 530.11, 326.895, Average RTT
F1, 530.31, 326.969, Average RTT
F1, 530.51, 327.043, Average RTT
F1, 530.71, 327.116, Average RTT
F1, 530.91, 327.19, Average RTT
F1, 531.11, 327.264, Average RTT
F1, 531.21, 327.338, Average RTT
F1, 531.41, 327.412, Average RTT
F1, 531.51, 327.486, Average RTT
F1, 531.71, 327.56, Average RTT
F1, 531.81, 327.634, Average RTT
F1, 531.91, 327.708, Average RTT
F1, 532.11, 327.782, Average RTT
F1, 532.31, 327.856, Average RTT
F1, 532.41, 327.93, Average RTT
F1, 532.61, 328.004, Average RTT
F1, 532.71, 328.078, Average RTT
F1, 532.91, 328.152, Average RTT
F1, 533.01, 328.225, Average RTT
F1, 533.21, 328.299, Average RTT
F1, 533.31, 328.373, Average RTT
F1, 533.51, 328.447, Average RTT
F1, 533.71, 328.521, Average RTT
F1, 533.91, 328.595, Average RTT
F1, 534.01, 328.669, Average RTT
F1, 534.11, 328.743, Average RTT
F1, 534.31, 328.817, Average RTT
F1, 534.41, 328.891, Average RTT
F1, 534.61, 328.965, Average RTT
F1, 534.81, 329.039, Average RTT
F1, 534.91, 329.113, Average RTT
F1, 535.11, 329.187, Average RTT
F1, 535.21, 329.261, Average RTT
F1, 535.41, 329.335, Average RTT
F1, 535.51, 329.409, Average RTT
F1, 535.71, 329.483, Average RTT
F1, 535.91, 329.557, Average RTT
F1, 536.11, 329.631, Average RTT
F1, 536.21, 329.705, Average RTT
F1, 536.31, 329.779, Average RTT
F1, 536.51, 329.853, Average RTT
F1, 536.61, 329.927, Average RTT
F1, 536.81, 330.001, Average RTT
F1, 537.01, 330.075, Average RTT
F1, 537.11, 330.149, Average RTT
F1, 537.31, 330.223, Average RTT
F1, 537.41, 330.297, Average RTT
F1, 537.61, 330.371, Average RTT
F1, 537.71, 330.446, Average RTT
F1, 537.81, 330.52, Average RTT
F1, 538.11, 330.594, Average RTT
F1, 538.21, 330.668, Average RTT
F1, 538.41, 330.742, Average RTT
F1, 538.51, 330.816, Average RTT
F1, 538.71, 330.89, Average RTT
F1, 538.91, 330.964, Average RTT
F1, 539.01, 331.038, Average RTT
F1, 539.21, 331.112, Average RTT
F1, 539.31, 331.186, Average RTT
F1, 539.41, 331.26, Average RTT
F1, 539.61, 331.334, Average RTT
F1, 539.81, 331.408, Average RTT
F1, 540.01, 331.483, Average RTT
F1, 540.11, 331.557, Average RTT
F1, 540.21, 331.631, Average RTT
F1, 540.41, 331.705, Average RTT
F1, 540.51, 331.779, Average RTT
F1, 540.71, 331.853, Average RTT
F1, 540.81, 331.927, Average RTT
F1, 541.01, 332.001, Average RTT
F1, 541.21, 332.075, Average RTT
F1, 541.41, 332.15, Average RTT
F1, 541.51, 332.224, Average RTT
F1, 541.71, 332.298, Average RTT
F1, 541.81, 332.372, Average RTT
F1, 542.01, 332.446, Average RTT
F1, 542.21, 332.52, Average RTT
F1, 542.41, 332.594, Average RTT
F1, 542.61, 332.669, Average RTT
F1, 542.71, 332.743, Average RTT
F1, 542.81, 332.817, Average RTT
F1, 543.01, 332.891, Average RTT
F1, 543.11, 332.965, Average RTT
F1, 543.31, 333.04, Average RTT
F1, 543.51, 333.114, Average RTT
F1, 543.71, 333.188, Average RTT
F1, 543.81, 333.262, Average RTT
F1, 543.91, 333.336, Average RTT
F1, 544.11, 333.411, Average RTT
F1, 544.21, 333.485, Average RTT
F1, 544.41, 333.559, Average RTT
F1, 544.61, 333.633, Average RTT
F1, 544.71, 333.707, Average RTT
F1, 544.81, 333.782, Average RTT
F1, 545.01, 333.856, Average RTT
F1, 545.21, 333.93, Average RTT
F1, 545.31, 334.004, Average RTT
F1, 545.51, 334.079, Average RTT
F1, 545.61, 334.153, Average RTT
F1, 545.81, 334.227, Average RTT
F1, 545.91, 334.301, Average RTT
F1, 546.143, 334.375, Average RTT
F1, 546.243, 334.45, Average RTT
F1, 546.443, 334.524, Average RTT
F1, 546.654, 334.598, Average RTT
F1, 546.865, 334.672, Average RTT
F1, 546.965, 334.747, Average RTT
F1, 547.165, 334.821, Average RTT
F1, 547.376, 334.895, Average RTT
F1, 547.476, 334.97, Average RTT
F1, 547.686, 335.044, Average RTT
F1, 547.897, 335.118, Average RTT
F1, 548.108, 335.193, Average RTT
F1, 548.318, 335.267, Average RTT
F1, 548.529, 335.342, Average RTT
F1, 548.629, 335.416, Average RTT
F1, 548.829, 335.49, Average RTT
F1, 549.04, 335.565, Average RTT
F1, 549.243, 335.639, Average RTT
F1, 549.343, 335.714, Average RTT
F1, 549.543, 335.788, Average RTT
F1, 549.643, 335.863, Average RTT
F1, 549.843, 335.937, Average RTT
F1, 549.943, 336.011, Average RTT
F1, 550.143, 336.086, Average RTT
F1, 550.243, 336.16, Average RTT
F1, 550.361, 336.235, Average RTT
F1, 550.572, 336.309, Average RTT
F1, 550.783, 336.384, Average RTT
F1, 551.204, 336.458, Average RTT
F1, 551.627, 336.533, Average RTT
