L2, 1.41024, 0, Buffer Occupancy
L2, 1.4416, 64, Buffer Occupancy
L2, 1.91024, 0, Buffer Occupancy
L2, 1.9416, 64, Buffer Occupancy
L2, 2.31024, 0, Buffer Occupancy
L2, 2.71024, 0, Buffer Occupancy
L2, 2.7416, 64, Buffer Occupancy
L2, 3.2416, 0, Buffer Occupancy
L2, 3.31024, 1024, Buffer Occupancy
L2, 3.4416, 64, Buffer Occupancy
L2, 4.01024, 0, Buffer Occupancy
L2, 4.0416, 64, Buffer Occupancy
L2, 4.41024, 0, Buffer Occupancy
L2, 4.5416, 0, Buffer Occupancy
L2, 5.01024, 0, Buffer Occupancy
L2, 5.1416, 0, Buffer Occupancy
L2, 5.51024, 0, Buffer Occupancy
L2, 5.6416, 0, Buffer Occupancy
L2, 6.11024, 0, Buffer Occupancy
L2, 6.1416, 64, Buffer Occupancy
L2, 6.6416, 0, Buffer Occupancy
L2, 6.71024, 1024, Buffer Occupancy
L2, 7.11024, 0, Buffer Occupancy
L2, 7.1416, 64, Buffer Occupancy
L2, 7.6416, 0, Buffer Occupancy
L2, 7.71024, 1024, Buffer Occupancy
L2, 8.11024, 0, Buffer Occupancy
L2, 8.4416, 0, Buffer Occupancy
L2, 8.51024, 1024, Buffer Occupancy
L2, 8.91024, 0, Buffer Occupancy
L2, 8.9416, 64, Buffer Occupancy
L2, 9.51024, 0, Buffer Occupancy
L2, 9.5416, 64, Buffer Occupancy
L2, 9.91024, 0, Buffer Occupancy
L2, 10.0416, 0, Buffer Occupancy
L2, 10.5102, 0, Buffer Occupancy
L2, 10.5416, 64, Buffer Occupancy
L2, 10.9102, 0, Buffer Occupancy
L2, 11.2102, 0, Buffer Occupancy
L2, 11.3416, 0, Buffer Occupancy
L2, 12.1102, 0, Buffer Occupancy
L2, 12.1416, 64, Buffer Occupancy
L2, 12.6102, 0, Buffer Occupancy
L2, 12.6416, 64, Buffer Occupancy
L2, 12.9307, 0, Buffer Occupancy
L2, 13.2416, 0, Buffer Occupancy
L2, 13.4416, 0, Buffer Occupancy
L2, 13.7416, 0, Buffer Occupancy
L2, 14.0416, 0, Buffer Occupancy
L2, 14.2416, 0, Buffer Occupancy
L2, 14.5416, 0, Buffer Occupancy
L2, 14.8416, 0, Buffer Occupancy
L2, 15.0416, 0, Buffer Occupancy
L2, 15.4416, 0, Buffer Occupancy
L2, 15.5416, 64, Buffer Occupancy
L2, 15.8416, 0, Buffer Occupancy
L2, 16.2102, 0, Buffer Occupancy
L2, 16.6102, 0, Buffer Occupancy
L2, 16.6416, 64, Buffer Occupancy
L2, 17.0102, 0, Buffer Occupancy
L2, 17.3102, 0, Buffer Occupancy
L2, 17.4102, 1024, Buffer Occupancy
L2, 17.7102, 0, Buffer Occupancy
L2, 17.8416, 0, Buffer Occupancy
L2, 18.2102, 0, Buffer Occupancy
L2, 18.5416, 0, Buffer Occupancy
L2, 18.6102, 1024, Buffer Occupancy
L2, 19.0102, 0, Buffer Occupancy
L2, 19.0416, 64, Buffer Occupancy
L2, 19.4102, 0, Buffer Occupancy
L2, 19.5416, 0, Buffer Occupancy
L2, 20.0102, 0, Buffer Occupancy
L2, 20.1102, 1024, Buffer Occupancy
L2, 20.1109, 64, Buffer Occupancy
L2, 20.2314, 64, Buffer Occupancy
L2, 20.3102, 1088, Buffer Occupancy
L2, 20.5416, 0, Buffer Occupancy
L2, 20.6102, 1024, Buffer Occupancy
L2, 21.0102, 0, Buffer Occupancy
L2, 21.1416, 0, Buffer Occupancy
L2, 21.5102, 0, Buffer Occupancy
L2, 21.6416, 0, Buffer Occupancy
L2, 21.8416, 0, Buffer Occupancy
L2, 22.1416, 0, Buffer Occupancy
L2, 22.4416, 0, Buffer Occupancy
L2, 22.6416, 0, Buffer Occupancy
L2, 22.9416, 0, Buffer Occupancy
L2, 23.1416, 0, Buffer Occupancy
L2, 23.4416, 0, Buffer Occupancy
L2, 23.7416, 0, Buffer Occupancy
L2, 23.9416, 0, Buffer Occupancy
L2, 24.3102, 0, Buffer Occupancy
L2, 24.7102, 0, Buffer Occupancy
L2, 24.7416, 64, Buffer Occupancy
L2, 25.2102, 0, Buffer Occupancy
L2, 25.5102, 0, Buffer Occupancy
L2, 25.6102, 1024, Buffer Occupancy
L2, 25.6416, 64, Buffer Occupancy
L2, 26.2102, 0, Buffer Occupancy
L2, 26.2416, 64, Buffer Occupancy
L2, 26.7416, 0, Buffer Occupancy
L2, 26.8102, 1024, Buffer Occupancy
L2, 27.2416, 0, Buffer Occupancy
L2, 27.3102, 1024, Buffer Occupancy
L2, 27.4416, 64, Buffer Occupancy
L2, 28.0102, 0, Buffer Occupancy
L2, 28.0416, 64, Buffer Occupancy
L2, 28.5416, 0, Buffer Occupancy
L2, 28.6102, 1024, Buffer Occupancy
L2, 28.7416, 64, Buffer Occupancy
L2, 29.3102, 0, Buffer Occupancy
L2, 29.5102, 0, Buffer Occupancy
L2, 29.8102, 0, Buffer Occupancy
L2, 30.4416, 0, Buffer Occupancy
L2, 30.5102, 1024, Buffer Occupancy
L2, 30.7416, 0, Buffer Occupancy
L2, 31.1416, 0, Buffer Occupancy
L2, 31.2416, 64, Buffer Occupancy
L2, 31.4416, 0, Buffer Occupancy
L2, 31.9102, 0, Buffer Occupancy
L2, 31.9416, 64, Buffer Occupancy
L2, 32.4102, 0, Buffer Occupancy
L2, 32.4416, 64, Buffer Occupancy
L2, 33.0102, 0, Buffer Occupancy
L2, 33.0416, 64, Buffer Occupancy
L2, 33.5102, 0, Buffer Occupancy
L2, 33.6416, 0, Buffer Occupancy
L2, 34.0102, 0, Buffer Occupancy
L2, 34.0416, 64, Buffer Occupancy
L2, 34.6102, 0, Buffer Occupancy
L2, 34.6416, 64, Buffer Occupancy
L2, 35.1102, 0, Buffer Occupancy
L2, 35.1416, 64, Buffer Occupancy
L2, 35.6102, 0, Buffer Occupancy
L2, 35.7416, 0, Buffer Occupancy
L2, 36.1102, 0, Buffer Occupancy
L2, 36.2416, 0, Buffer Occupancy
L2, 36.7102, 0, Buffer Occupancy
L2, 36.7416, 64, Buffer Occupancy
L2, 37.2102, 0, Buffer Occupancy
L2, 37.4102, 0, Buffer Occupancy
L2, 37.7102, 0, Buffer Occupancy
L2, 38.0102, 0, Buffer Occupancy
L2, 38.3102, 0, Buffer Occupancy
L2, 38.4102, 1024, Buffer Occupancy
L2, 38.6102, 0, Buffer Occupancy
L2, 38.9102, 0, Buffer Occupancy
L2, 39.0416, 0, Buffer Occupancy
L2, 39.4102, 0, Buffer Occupancy
L2, 39.7416, 0, Buffer Occupancy
L2, 39.8102, 1024, Buffer Occupancy
L2, 40.0102, 0, Buffer Occupancy
L2, 40.1102, 1024, Buffer Occupancy
L2, 40.1109, 64, Buffer Occupancy
L2, 40.3102, 1024, Buffer Occupancy
L2, 40.4102, 1024, Buffer Occupancy
L2, 40.4525, 64, Buffer Occupancy
L2, 40.7525, 0, Buffer Occupancy
L2, 40.8102, 1024, Buffer Occupancy
L2, 41.3102, 0, Buffer Occupancy
L2, 41.5102, 0, Buffer Occupancy
L2, 41.7102, 0, Buffer Occupancy
L2, 42.0102, 0, Buffer Occupancy
L2, 42.3102, 0, Buffer Occupancy
L2, 42.7102, 0, Buffer Occupancy
L2, 43.0102, 0, Buffer Occupancy
L2, 43.3102, 0, Buffer Occupancy
L2, 43.4416, 0, Buffer Occupancy
L2, 43.7416, 0, Buffer Occupancy
L2, 44.0416, 0, Buffer Occupancy
L2, 44.2416, 0, Buffer Occupancy
L2, 44.4416, 0, Buffer Occupancy
L2, 44.7416, 0, Buffer Occupancy
L2, 45.0416, 0, Buffer Occupancy
L2, 45.3416, 0, Buffer Occupancy
L2, 45.5416, 0, Buffer Occupancy
L2, 45.8416, 0, Buffer Occupancy
L2, 46.1416, 0, Buffer Occupancy
L2, 46.3416, 0, Buffer Occupancy
L2, 46.4416, 64, Buffer Occupancy
L2, 46.8416, 0, Buffer Occupancy
L2, 47.0416, 0, Buffer Occupancy
L2, 47.3416, 0, Buffer Occupancy
L2, 47.7102, 0, Buffer Occupancy
L2, 47.7416, 64, Buffer Occupancy
L2, 48.0416, 0, Buffer Occupancy
L2, 48.1102, 1024, Buffer Occupancy
L2, 48.5416, 0, Buffer Occupancy
L2, 49.0102, 0, Buffer Occupancy
L2, 49.4102, 0, Buffer Occupancy
L2, 49.5416, 0, Buffer Occupancy
L2, 50.1102, 0, Buffer Occupancy
L2, 50.1416, 64, Buffer Occupancy
L2, 50.5102, 0, Buffer Occupancy
L2, 50.9102, 0, Buffer Occupancy
L2, 50.9416, 64, Buffer Occupancy
L2, 51.3102, 0, Buffer Occupancy
L2, 51.4416, 0, Buffer Occupancy
L2, 51.9102, 0, Buffer Occupancy
L2, 51.9416, 64, Buffer Occupancy
L2, 52.6416, 0, Buffer Occupancy
L2, 52.7102, 1024, Buffer Occupancy
L2, 53.1102, 0, Buffer Occupancy
L2, 53.5416, 0, Buffer Occupancy
L2, 53.9102, 0, Buffer Occupancy
L2, 54.0416, 0, Buffer Occupancy
L2, 54.5102, 0, Buffer Occupancy
L2, 54.5416, 64, Buffer Occupancy
L2, 54.9102, 0, Buffer Occupancy
L2, 55.3102, 0, Buffer Occupancy
L2, 55.3416, 64, Buffer Occupancy
L2, 55.7102, 0, Buffer Occupancy
L2, 56.0416, 0, Buffer Occupancy
L2, 56.1102, 1024, Buffer Occupancy
L2, 56.5102, 0, Buffer Occupancy
L2, 56.8416, 0, Buffer Occupancy
L2, 56.9102, 1024, Buffer Occupancy
L2, 57.3102, 0, Buffer Occupancy
L2, 57.3416, 64, Buffer Occupancy
L2, 57.9102, 0, Buffer Occupancy
L2, 57.9416, 64, Buffer Occupancy
L2, 58.7102, 0, Buffer Occupancy
L2, 58.7416, 64, Buffer Occupancy
L2, 58.8416, 64, Buffer Occupancy
L2, 59.4416, 0, Buffer Occupancy
L2, 59.9102, 0, Buffer Occupancy
L2, 59.9416, 64, Buffer Occupancy
L2, 60.0102, 128, Buffer Occupancy
L2, 60.2102, 1024, Buffer Occupancy
L2, 60.2205, 64, Buffer Occupancy
L2, 60.4102, 1024, Buffer Occupancy
L2, 60.4307, 64, Buffer Occupancy
L2, 60.7102, 0, Buffer Occupancy
L2, 60.7416, 64, Buffer Occupancy
L2, 61.1102, 0, Buffer Occupancy
L2, 61.2416, 0, Buffer Occupancy
L2, 61.6102, 0, Buffer Occupancy
L2, 61.9416, 0, Buffer Occupancy
L2, 62.0102, 1024, Buffer Occupancy
L2, 62.1416, 64, Buffer Occupancy
L2, 62.7102, 0, Buffer Occupancy
L2, 62.7416, 64, Buffer Occupancy
L2, 63.1102, 0, Buffer Occupancy
L2, 63.5416, 0, Buffer Occupancy
L2, 64.0102, 0, Buffer Occupancy
L2, 64.4102, 0, Buffer Occupancy
L2, 64.4416, 64, Buffer Occupancy
L2, 64.8102, 0, Buffer Occupancy
L2, 65.1102, 0, Buffer Occupancy
L2, 65.2416, 0, Buffer Occupancy
L2, 65.6416, 0, Buffer Occupancy
L2, 65.7102, 1024, Buffer Occupancy
L2, 66.2102, 0, Buffer Occupancy
L2, 66.2416, 64, Buffer Occupancy
L2, 66.7102, 0, Buffer Occupancy
L2, 66.8416, 0, Buffer Occupancy
L2, 67.2416, 0, Buffer Occupancy
L2, 67.3102, 1024, Buffer Occupancy
L2, 67.3416, 1088, Buffer Occupancy
L2, 67.8416, 0, Buffer Occupancy
L2, 67.9102, 1024, Buffer Occupancy
L2, 68.4102, 0, Buffer Occupancy
L2, 68.4416, 64, Buffer Occupancy
L2, 68.8102, 0, Buffer Occupancy
L2, 69.1102, 0, Buffer Occupancy
L2, 69.3102, 0, Buffer Occupancy
L2, 69.9102, 0, Buffer Occupancy
L2, 70.2102, 0, Buffer Occupancy
L2, 70.4102, 0, Buffer Occupancy
L2, 70.7102, 0, Buffer Occupancy
L2, 70.9102, 0, Buffer Occupancy
L2, 71.2102, 0, Buffer Occupancy
L2, 71.4102, 0, Buffer Occupancy
L2, 71.7102, 0, Buffer Occupancy
L2, 72.0102, 0, Buffer Occupancy
L2, 72.2102, 0, Buffer Occupancy
L2, 72.5102, 0, Buffer Occupancy
L2, 72.7102, 0, Buffer Occupancy
L2, 73.0102, 0, Buffer Occupancy
L2, 73.3102, 0, Buffer Occupancy
L2, 73.4416, 0, Buffer Occupancy
L2, 73.9416, 0, Buffer Occupancy
L2, 74.4102, 0, Buffer Occupancy
L2, 74.4416, 64, Buffer Occupancy
L2, 74.9102, 0, Buffer Occupancy
L2, 75.2102, 0, Buffer Occupancy
L2, 75.4102, 0, Buffer Occupancy
L2, 75.7102, 0, Buffer Occupancy
L2, 75.8416, 0, Buffer Occupancy
L2, 76.3102, 0, Buffer Occupancy
L2, 76.4416, 0, Buffer Occupancy
L2, 76.8102, 0, Buffer Occupancy
L2, 76.9416, 0, Buffer Occupancy
L2, 77.2102, 0, Buffer Occupancy
L2, 77.2416, 64, Buffer Occupancy
L2, 77.7416, 0, Buffer Occupancy
L2, 77.8102, 1024, Buffer Occupancy
L2, 78.2102, 0, Buffer Occupancy
L2, 78.2416, 64, Buffer Occupancy
L2, 79.0102, 0, Buffer Occupancy
L2, 79.0416, 64, Buffer Occupancy
L2, 79.4416, 0, Buffer Occupancy
L2, 79.5416, 64, Buffer Occupancy
L2, 79.7416, 0, Buffer Occupancy
L2, 80.1102, 0, Buffer Occupancy
L2, 80.1416, 64, Buffer Occupancy
L2, 80.2102, 1088, Buffer Occupancy
L2, 80.2416, 1088, Buffer Occupancy
L2, 80.3416, 128, Buffer Occupancy
L2, 80.4102, 1152, Buffer Occupancy
L2, 80.7416, 0, Buffer Occupancy
L2, 81.0102, 0, Buffer Occupancy
L2, 81.1416, 0, Buffer Occupancy
L2, 81.3416, 0, Buffer Occupancy
L2, 81.7416, 0, Buffer Occupancy
L2, 81.9416, 0, Buffer Occupancy
L2, 82.4416, 0, Buffer Occupancy
L2, 82.5102, 1024, Buffer Occupancy
L2, 82.6416, 64, Buffer Occupancy
L2, 83.1102, 0, Buffer Occupancy
L2, 83.3102, 0, Buffer Occupancy
L2, 83.6102, 0, Buffer Occupancy
L2, 83.8102, 0, Buffer Occupancy
L2, 84.0102, 0, Buffer Occupancy
L2, 84.3102, 0, Buffer Occupancy
L2, 84.4416, 0, Buffer Occupancy
L2, 84.8416, 0, Buffer Occupancy
L2, 84.9102, 1024, Buffer Occupancy
L2, 85.3102, 0, Buffer Occupancy
L2, 85.3416, 64, Buffer Occupancy
L2, 85.9102, 0, Buffer Occupancy
L2, 85.9416, 64, Buffer Occupancy
L2, 86.4416, 0, Buffer Occupancy
L2, 86.5102, 1024, Buffer Occupancy
L2, 86.6416, 64, Buffer Occupancy
L2, 87.1102, 0, Buffer Occupancy
L2, 87.2416, 0, Buffer Occupancy
L2, 87.7416, 0, Buffer Occupancy
L2, 87.9416, 0, Buffer Occupancy
L2, 88.5102, 0, Buffer Occupancy
L2, 88.5416, 64, Buffer Occupancy
L2, 89.0102, 0, Buffer Occupancy
L2, 89.0416, 64, Buffer Occupancy
L2, 89.4102, 0, Buffer Occupancy
L2, 89.8102, 0, Buffer Occupancy
L2, 89.8416, 64, Buffer Occupancy
L2, 90.3102, 0, Buffer Occupancy
L2, 90.4416, 0, Buffer Occupancy
L2, 90.8102, 0, Buffer Occupancy
L2, 90.9416, 0, Buffer Occupancy
L2, 91.4102, 0, Buffer Occupancy
L2, 91.4416, 64, Buffer Occupancy
L2, 91.9416, 0, Buffer Occupancy
L2, 92.0102, 1024, Buffer Occupancy
L2, 92.1416, 64, Buffer Occupancy
L2, 92.6102, 0, Buffer Occupancy
L2, 92.7416, 0, Buffer Occupancy
L2, 93.1102, 0, Buffer Occupancy
L2, 93.4102, 0, Buffer Occupancy
L2, 93.7102, 0, Buffer Occupancy
L2, 94.1102, 0, Buffer Occupancy
L2, 94.4102, 0, Buffer Occupancy
L2, 94.6102, 0, Buffer Occupancy
L2, 94.9102, 0, Buffer Occupancy
L2, 95.2102, 0, Buffer Occupancy
L2, 95.4102, 0, Buffer Occupancy
L2, 95.7102, 0, Buffer Occupancy
L2, 96.0102, 0, Buffer Occupancy
L2, 96.3102, 0, Buffer Occupancy
L2, 96.3416, 64, Buffer Occupancy
L2, 96.8102, 0, Buffer Occupancy
L2, 97.2102, 0, Buffer Occupancy
L2, 97.3102, 1024, Buffer Occupancy
L2, 97.3416, 64, Buffer Occupancy
L2, 97.9102, 0, Buffer Occupancy
L2, 98.0416, 0, Buffer Occupancy
L2, 98.4102, 0, Buffer Occupancy
L2, 98.7102, 0, Buffer Occupancy
L2, 99.0102, 0, Buffer Occupancy
L2, 99.2102, 0, Buffer Occupancy
L2, 99.5102, 0, Buffer Occupancy
L2, 99.6416, 0, Buffer Occupancy
L2, 100.01, 0, Buffer Occupancy
L2, 100.12, 0, Buffer Occupancy
L2, 100.21, 1024, Buffer Occupancy
L2, 100.31, 1024, Buffer Occupancy
L2, 100.321, 64, Buffer Occupancy
L2, 100.51, 1024, Buffer Occupancy
L2, 100.631, 0, Buffer Occupancy
L2, 100.91, 0, Buffer Occupancy
L2, 100.931, 64, Buffer Occupancy
L2, 101.042, 64, Buffer Occupancy
L2, 101.61, 0, Buffer Occupancy
L2, 101.642, 64, Buffer Occupancy
L2, 102.142, 0, Buffer Occupancy
L2, 102.21, 1024, Buffer Occupancy
L2, 102.342, 64, Buffer Occupancy
L2, 102.81, 0, Buffer Occupancy
L2, 102.842, 64, Buffer Occupancy
L2, 103.61, 0, Buffer Occupancy
L2, 103.642, 64, Buffer Occupancy
L2, 103.931, 0, Buffer Occupancy
L2, 104.242, 0, Buffer Occupancy
L2, 104.51, 0, Buffer Occupancy
L2, 104.642, 0, Buffer Occupancy
L2, 105.142, 0, Buffer Occupancy
L2, 105.21, 1024, Buffer Occupancy
L2, 105.61, 0, Buffer Occupancy
L2, 105.642, 64, Buffer Occupancy
L2, 106.31, 0, Buffer Occupancy
L2, 106.342, 64, Buffer Occupancy
L2, 106.71, 0, Buffer Occupancy
L2, 107.142, 0, Buffer Occupancy
L2, 107.51, 0, Buffer Occupancy
L2, 107.91, 0, Buffer Occupancy
L2, 107.942, 64, Buffer Occupancy
L2, 108.442, 0, Buffer Occupancy
L2, 108.51, 1024, Buffer Occupancy
L2, 108.91, 0, Buffer Occupancy
L2, 109.042, 0, Buffer Occupancy
L2, 109.31, 0, Buffer Occupancy
L2, 109.71, 0, Buffer Occupancy
L2, 109.742, 64, Buffer Occupancy
L2, 110.142, 0, Buffer Occupancy
L2, 110.61, 0, Buffer Occupancy
L2, 110.742, 0, Buffer Occupancy
L2, 111.01, 0, Buffer Occupancy
L2, 111.41, 0, Buffer Occupancy
L2, 111.542, 0, Buffer Occupancy
L2, 111.81, 0, Buffer Occupancy
L2, 112.11, 0, Buffer Occupancy
L2, 112.41, 0, Buffer Occupancy
L2, 112.442, 64, Buffer Occupancy
L2, 113.01, 0, Buffer Occupancy
L2, 113.042, 64, Buffer Occupancy
L2, 113.41, 0, Buffer Occupancy
L2, 113.742, 0, Buffer Occupancy
L2, 114.442, 0, Buffer Occupancy
L2, 115.01, 0, Buffer Occupancy
L2, 115.142, 0, Buffer Occupancy
L2, 115.81, 0, Buffer Occupancy
L2, 116.342, 0, Buffer Occupancy
L2, 116.71, 0, Buffer Occupancy
L2, 116.842, 0, Buffer Occupancy
L2, 117.31, 0, Buffer Occupancy
L2, 118.01, 0, Buffer Occupancy
L2, 118.042, 64, Buffer Occupancy
L2, 118.51, 0, Buffer Occupancy
L2, 118.81, 0, Buffer Occupancy
L2, 118.91, 1024, Buffer Occupancy
L2, 119.11, 0, Buffer Occupancy
L2, 119.41, 0, Buffer Occupancy
L2, 119.91, 0, Buffer Occupancy
L2, 120.21, 0, Buffer Occupancy
L2, 120.242, 64, Buffer Occupancy
L2, 120.342, 64, Buffer Occupancy
L2, 120.41, 1088, Buffer Occupancy
L2, 120.542, 64, Buffer Occupancy
L2, 121.042, 0, Buffer Occupancy
L2, 121.11, 1024, Buffer Occupancy
L2, 121.51, 0, Buffer Occupancy
L2, 121.81, 0, Buffer Occupancy
L2, 122.61, 0, Buffer Occupancy
L2, 122.742, 0, Buffer Occupancy
L2, 123.542, 0, Buffer Occupancy
L2, 124.042, 0, Buffer Occupancy
L2, 124.41, 0, Buffer Occupancy
L2, 124.542, 0, Buffer Occupancy
L2, 125.41, 0, Buffer Occupancy
L2, 125.91, 0, Buffer Occupancy
L2, 126.11, 0, Buffer Occupancy
L2, 126.51, 0, Buffer Occupancy
L2, 127.11, 0, Buffer Occupancy
L2, 127.61, 0, Buffer Occupancy
L2, 127.742, 0, Buffer Occupancy
L2, 128.01, 0, Buffer Occupancy
L2, 128.542, 0, Buffer Occupancy
L2, 129.342, 0, Buffer Occupancy
L2, 129.71, 0, Buffer Occupancy
L2, 129.742, 64, Buffer Occupancy
L2, 130.21, 0, Buffer Occupancy
L2, 130.71, 0, Buffer Occupancy
L2, 131.21, 0, Buffer Occupancy
L2, 131.31, 1024, Buffer Occupancy
L2, 131.71, 0, Buffer Occupancy
L2, 132.01, 0, Buffer Occupancy
L2, 132.31, 0, Buffer Occupancy
L2, 132.342, 64, Buffer Occupancy
L2, 132.71, 0, Buffer Occupancy
L2, 133.41, 0, Buffer Occupancy
L2, 133.942, 0, Buffer Occupancy
L2, 134.41, 0, Buffer Occupancy
L2, 134.71, 0, Buffer Occupancy
L2, 135.11, 0, Buffer Occupancy
L2, 135.41, 0, Buffer Occupancy
L2, 135.542, 0, Buffer Occupancy
L2, 135.91, 0, Buffer Occupancy
L2, 136.21, 0, Buffer Occupancy
L2, 136.842, 0, Buffer Occupancy
L2, 137.142, 0, Buffer Occupancy
L2, 137.342, 0, Buffer Occupancy
L2, 137.71, 0, Buffer Occupancy
L2, 138.21, 0, Buffer Occupancy
L2, 138.51, 0, Buffer Occupancy
L2, 139.41, 0, Buffer Occupancy
L2, 139.542, 0, Buffer Occupancy
L2, 140.21, 0, Buffer Occupancy
L2, 140.31, 64, Buffer Occupancy
L2, 140.342, 64, Buffer Occupancy
L2, 140.42, 64, Buffer Occupancy
L2, 140.742, 0, Buffer Occupancy
L2, 140.91, 0, Buffer Occupancy
L2, 141.042, 0, Buffer Occupancy
L2, 141.642, 0, Buffer Occupancy
L2, 142.242, 0, Buffer Occupancy
L2, 142.41, 0, Buffer Occupancy
L2, 143.11, 0, Buffer Occupancy
L2, 143.142, 64, Buffer Occupancy
L2, 143.642, 0, Buffer Occupancy
L2, 144.242, 0, Buffer Occupancy
L2, 144.61, 0, Buffer Occupancy
L2, 145.542, 0, Buffer Occupancy
L2, 146.01, 0, Buffer Occupancy
L2, 146.042, 64, Buffer Occupancy
L2, 146.842, 0, Buffer Occupancy
L2, 147.342, 0, Buffer Occupancy
L2, 147.71, 0, Buffer Occupancy
L2, 148.01, 0, Buffer Occupancy
L2, 148.342, 0, Buffer Occupancy
L2, 148.71, 0, Buffer Occupancy
L2, 149.01, 0, Buffer Occupancy
L2, 149.41, 0, Buffer Occupancy
L2, 149.542, 0, Buffer Occupancy
L2, 150.01, 0, Buffer Occupancy
L2, 150.31, 0, Buffer Occupancy
L2, 150.41, 1024, Buffer Occupancy
L2, 150.91, 0, Buffer Occupancy
L2, 151.61, 0, Buffer Occupancy
L2, 152.11, 0, Buffer Occupancy
L2, 152.542, 0, Buffer Occupancy
L2, 152.61, 1024, Buffer Occupancy
L2, 153.31, 0, Buffer Occupancy
L2, 153.342, 64, Buffer Occupancy
L2, 153.631, 0, Buffer Occupancy
L2, 154.242, 0, Buffer Occupancy
L2, 154.31, 1024, Buffer Occupancy
L2, 155.01, 0, Buffer Occupancy
L2, 155.042, 64, Buffer Occupancy
L2, 155.41, 0, Buffer Occupancy
L2, 155.91, 0, Buffer Occupancy
L2, 156.21, 0, Buffer Occupancy
L2, 156.91, 0, Buffer Occupancy
L2, 157.042, 0, Buffer Occupancy
L2, 157.61, 0, Buffer Occupancy
L2, 157.742, 0, Buffer Occupancy
L2, 158.61, 0, Buffer Occupancy
L2, 159.11, 0, Buffer Occupancy
L2, 159.61, 0, Buffer Occupancy
L2, 160.342, 0, Buffer Occupancy
L2, 160.41, 1024, Buffer Occupancy
L2, 160.443, 64, Buffer Occupancy
L2, 160.542, 128, Buffer Occupancy
L2, 160.71, 1024, Buffer Occupancy
L2, 161.21, 0, Buffer Occupancy
L2, 161.71, 0, Buffer Occupancy
L2, 162.41, 0, Buffer Occupancy
L2, 162.742, 0, Buffer Occupancy
L2, 163.01, 0, Buffer Occupancy
L2, 163.142, 0, Buffer Occupancy
L2, 163.41, 0, Buffer Occupancy
L2, 163.81, 0, Buffer Occupancy
L2, 163.942, 0, Buffer Occupancy
L2, 164.91, 0, Buffer Occupancy
L2, 165.31, 0, Buffer Occupancy
L2, 165.442, 0, Buffer Occupancy
L2, 165.942, 0, Buffer Occupancy
L2, 166.41, 0, Buffer Occupancy
L2, 166.542, 0, Buffer Occupancy
L2, 166.91, 0, Buffer Occupancy
L2, 167.21, 0, Buffer Occupancy
L2, 167.61, 0, Buffer Occupancy
L2, 167.742, 0, Buffer Occupancy
L2, 168.242, 0, Buffer Occupancy
L2, 168.31, 1024, Buffer Occupancy
L2, 168.91, 0, Buffer Occupancy
L2, 169.042, 0, Buffer Occupancy
L2, 169.41, 0, Buffer Occupancy
L2, 169.51, 1024, Buffer Occupancy
L2, 169.71, 0, Buffer Occupancy
L2, 170.41, 0, Buffer Occupancy
L2, 170.81, 0, Buffer Occupancy
L2, 171.31, 0, Buffer Occupancy
L2, 171.61, 0, Buffer Occupancy
L2, 172.342, 0, Buffer Occupancy
L2, 173.142, 0, Buffer Occupancy
L2, 173.41, 0, Buffer Occupancy
L2, 173.942, 0, Buffer Occupancy
L2, 174.342, 0, Buffer Occupancy
L2, 174.41, 1024, Buffer Occupancy
L2, 175.01, 0, Buffer Occupancy
L2, 175.21, 0, Buffer Occupancy
L2, 175.71, 0, Buffer Occupancy
L2, 175.81, 1024, Buffer Occupancy
L2, 176.11, 0, Buffer Occupancy
L2, 176.61, 0, Buffer Occupancy
L2, 176.91, 0, Buffer Occupancy
L2, 177.51, 0, Buffer Occupancy
L2, 177.81, 0, Buffer Occupancy
L2, 178.31, 0, Buffer Occupancy
L2, 178.81, 0, Buffer Occupancy
L2, 178.842, 64, Buffer Occupancy
L2, 179.31, 0, Buffer Occupancy
L2, 179.442, 0, Buffer Occupancy
L2, 179.81, 0, Buffer Occupancy
L2, 179.942, 0, Buffer Occupancy
L2, 180.41, 0, Buffer Occupancy
L2, 180.51, 1024, Buffer Occupancy
L2, 180.511, 64, Buffer Occupancy
L2, 180.531, 128, Buffer Occupancy
L2, 180.71, 1088, Buffer Occupancy
L2, 180.731, 1088, Buffer Occupancy
L2, 181.01, 1024, Buffer Occupancy
L2, 181.51, 0, Buffer Occupancy
L2, 181.542, 64, Buffer Occupancy
L2, 181.91, 0, Buffer Occupancy
L2, 182.042, 0, Buffer Occupancy
L2, 182.642, 0, Buffer Occupancy
L2, 182.742, 64, Buffer Occupancy
L2, 183.242, 0, Buffer Occupancy
L2, 183.51, 0, Buffer Occupancy
L2, 184.01, 0, Buffer Occupancy
L2, 184.41, 0, Buffer Occupancy
L2, 184.51, 1024, Buffer Occupancy
L2, 184.542, 64, Buffer Occupancy
L2, 185.01, 0, Buffer Occupancy
L2, 185.11, 1024, Buffer Occupancy
L2, 185.41, 0, Buffer Occupancy
L2, 185.542, 0, Buffer Occupancy
L2, 185.91, 0, Buffer Occupancy
L2, 186.01, 1024, Buffer Occupancy
L2, 186.31, 0, Buffer Occupancy
L2, 186.61, 0, Buffer Occupancy
L2, 187.31, 0, Buffer Occupancy
L2, 187.41, 1024, Buffer Occupancy
L2, 187.442, 64, Buffer Occupancy
L2, 188.042, 0, Buffer Occupancy
L2, 188.31, 0, Buffer Occupancy
L2, 188.342, 64, Buffer Occupancy
L2, 188.71, 0, Buffer Occupancy
L2, 189.01, 0, Buffer Occupancy
L2, 189.11, 1024, Buffer Occupancy
L2, 189.61, 0, Buffer Occupancy
L2, 190.01, 0, Buffer Occupancy
L2, 190.51, 0, Buffer Occupancy
L2, 190.642, 0, Buffer Occupancy
L2, 191.01, 0, Buffer Occupancy
L2, 191.41, 0, Buffer Occupancy
L2, 191.742, 0, Buffer Occupancy
L2, 192.01, 0, Buffer Occupancy
L2, 192.142, 0, Buffer Occupancy
L2, 192.51, 0, Buffer Occupancy
L2, 192.61, 1024, Buffer Occupancy
L2, 192.91, 0, Buffer Occupancy
L2, 193.41, 0, Buffer Occupancy
L2, 193.51, 1024, Buffer Occupancy
L2, 194.01, 0, Buffer Occupancy
L2, 194.41, 0, Buffer Occupancy
L2, 194.51, 1024, Buffer Occupancy
L2, 194.542, 64, Buffer Occupancy
L2, 195.242, 0, Buffer Occupancy
L2, 195.442, 0, Buffer Occupancy
L2, 195.81, 0, Buffer Occupancy
L2, 196.242, 0, Buffer Occupancy
L2, 196.642, 0, Buffer Occupancy
L2, 196.71, 1024, Buffer Occupancy
L2, 197.11, 0, Buffer Occupancy
L2, 197.41, 0, Buffer Occupancy
L2, 197.81, 0, Buffer Occupancy
L2, 198.41, 0, Buffer Occupancy
L2, 198.542, 0, Buffer Occupancy
L2, 198.91, 0, Buffer Occupancy
L2, 199.042, 0, Buffer Occupancy
L2, 199.542, 0, Buffer Occupancy
L2, 199.91, 0, Buffer Occupancy
L2, 200.042, 0, Buffer Occupancy
L2, 200.41, 0, Buffer Occupancy
L2, 200.51, 1024, Buffer Occupancy
L2, 200.51, 1088, Buffer Occupancy
L2, 200.52, 128, Buffer Occupancy
L2, 200.91, 0, Buffer Occupancy
L2, 201.01, 1024, Buffer Occupancy
L2, 201.61, 0, Buffer Occupancy
L2, 201.71, 1024, Buffer Occupancy
L2, 201.742, 64, Buffer Occupancy
L2, 202.21, 0, Buffer Occupancy
L2, 202.342, 0, Buffer Occupancy
L2, 202.942, 0, Buffer Occupancy
L2, 203.042, 64, Buffer Occupancy
L2, 203.442, 0, Buffer Occupancy
L2, 203.81, 0, Buffer Occupancy
L2, 203.942, 0, Buffer Occupancy
L2, 204.31, 0, Buffer Occupancy
L2, 204.41, 1024, Buffer Occupancy
L2, 204.91, 0, Buffer Occupancy
L2, 205.231, 0, Buffer Occupancy
L2, 205.41, 0, Buffer Occupancy
L2, 205.91, 0, Buffer Occupancy
L2, 206.51, 0, Buffer Occupancy
L2, 206.91, 0, Buffer Occupancy
L2, 207.51, 0, Buffer Occupancy
L2, 207.61, 1024, Buffer Occupancy
L2, 207.91, 0, Buffer Occupancy
L2, 208.51, 0, Buffer Occupancy
L2, 208.542, 64, Buffer Occupancy
L2, 209.01, 0, Buffer Occupancy
L2, 209.71, 0, Buffer Occupancy
L2, 210.031, 0, Buffer Occupancy
L2, 210.21, 0, Buffer Occupancy
L2, 210.81, 0, Buffer Occupancy
L2, 211.542, 0, Buffer Occupancy
L2, 211.742, 0, Buffer Occupancy
L2, 212.01, 0, Buffer Occupancy
L2, 212.142, 0, Buffer Occupancy
L2, 212.51, 0, Buffer Occupancy
L2, 212.642, 0, Buffer Occupancy
L2, 213.01, 0, Buffer Occupancy
L2, 213.61, 0, Buffer Occupancy
L2, 213.71, 1024, Buffer Occupancy
L2, 213.742, 64, Buffer Occupancy
L2, 214.21, 0, Buffer Occupancy
L2, 214.61, 0, Buffer Occupancy
L2, 214.71, 1024, Buffer Occupancy
L2, 215.242, 0, Buffer Occupancy
L2, 215.51, 0, Buffer Occupancy
L2, 215.831, 0, Buffer Occupancy
L2, 216.142, 0, Buffer Occupancy
L2, 216.51, 0, Buffer Occupancy
L2, 216.642, 0, Buffer Occupancy
L2, 216.71, 1024, Buffer Occupancy
L2, 217.11, 0, Buffer Occupancy
L2, 217.21, 1024, Buffer Occupancy
L2, 217.61, 0, Buffer Occupancy
L2, 217.642, 64, Buffer Occupancy
L2, 218.042, 0, Buffer Occupancy
L2, 218.31, 0, Buffer Occupancy
L2, 218.81, 0, Buffer Occupancy
L2, 219.01, 0, Buffer Occupancy
L2, 219.41, 0, Buffer Occupancy
L2, 219.51, 1024, Buffer Occupancy
L2, 220.11, 0, Buffer Occupancy
L2, 220.542, 0, Buffer Occupancy
L2, 220.542, 64, Buffer Occupancy
L2, 220.61, 1088, Buffer Occupancy
L2, 220.742, 64, Buffer Occupancy
L2, 220.81, 1088, Buffer Occupancy
L2, 220.842, 1152, Buffer Occupancy
L2, 221.21, 0, Buffer Occupancy
L2, 221.342, 0, Buffer Occupancy
L2, 221.642, 0, Buffer Occupancy
L2, 222.01, 0, Buffer Occupancy
L2, 222.142, 0, Buffer Occupancy
L2, 222.642, 0, Buffer Occupancy
L2, 223.01, 0, Buffer Occupancy
L2, 223.142, 0, Buffer Occupancy
L2, 223.51, 0, Buffer Occupancy
L2, 223.642, 0, Buffer Occupancy
L2, 224.01, 0, Buffer Occupancy
L2, 224.31, 0, Buffer Occupancy
L2, 224.71, 0, Buffer Occupancy
L2, 224.81, 1024, Buffer Occupancy
L2, 225.242, 0, Buffer Occupancy
L2, 225.542, 0, Buffer Occupancy
L2, 226.01, 0, Buffer Occupancy
L2, 226.042, 64, Buffer Occupancy
L2, 226.51, 0, Buffer Occupancy
L2, 227.21, 0, Buffer Occupancy
L2, 227.242, 64, Buffer Occupancy
L2, 227.81, 0, Buffer Occupancy
L2, 227.91, 1024, Buffer Occupancy
L2, 228.41, 0, Buffer Occupancy
L2, 228.442, 64, Buffer Occupancy
L2, 228.61, 1024, Buffer Occupancy
L2, 229.01, 0, Buffer Occupancy
L2, 229.11, 1024, Buffer Occupancy
L2, 229.942, 0, Buffer Occupancy
L2, 230.042, 64, Buffer Occupancy
L2, 230.31, 0, Buffer Occupancy
L2, 230.61, 0, Buffer Occupancy
L2, 240.642, 0, Buffer Occupancy
L2, 240.743, 0, Buffer Occupancy
L2, 241.042, 0, Buffer Occupancy
L2, 260.642, 0, Buffer Occupancy
L2, 260.743, 0, Buffer Occupancy
L2, 280.642, 0, Buffer Occupancy
L2, 280.743, 0, Buffer Occupancy
L2, 280.944, 0, Buffer Occupancy
L2, 300.742, 0, Buffer Occupancy
L2, 300.843, 0, Buffer Occupancy
L2, 304.342, 0, Buffer Occupancy
L2, 320.742, 0, Buffer Occupancy
L2, 320.843, 0, Buffer Occupancy
L2, 320.91, 1024, Buffer Occupancy
L2, 321.11, 0, Buffer Occupancy
L2, 321.542, 0, Buffer Occupancy
L2, 321.942, 0, Buffer Occupancy
L2, 322.542, 0, Buffer Occupancy
L2, 323.31, 0, Buffer Occupancy
L2, 323.71, 0, Buffer Occupancy
L2, 324.81, 0, Buffer Occupancy
L2, 325.242, 0, Buffer Occupancy
L2, 325.642, 0, Buffer Occupancy
L2, 326.71, 0, Buffer Occupancy
L2, 327.81, 0, Buffer Occupancy
L2, 327.842, 64, Buffer Occupancy
L2, 328.41, 0, Buffer Occupancy
L2, 328.81, 0, Buffer Occupancy
L2, 329.81, 0, Buffer Occupancy
L2, 330.342, 0, Buffer Occupancy
L2, 330.41, 1024, Buffer Occupancy
L2, 330.542, 64, Buffer Occupancy
L2, 330.842, 0, Buffer Occupancy
L2, 331.042, 0, Buffer Occupancy
L2, 331.242, 0, Buffer Occupancy
L2, 331.442, 0, Buffer Occupancy
L2, 331.642, 0, Buffer Occupancy
L2, 331.842, 0, Buffer Occupancy
L2, 332.042, 0, Buffer Occupancy
L2, 332.242, 0, Buffer Occupancy
L2, 332.442, 0, Buffer Occupancy
L2, 332.642, 0, Buffer Occupancy
L2, 332.842, 0, Buffer Occupancy
L2, 333.042, 0, Buffer Occupancy
L2, 333.242, 0, Buffer Occupancy
L2, 333.542, 0, Buffer Occupancy
L2, 333.842, 0, Buffer Occupancy
L2, 334.142, 0, Buffer Occupancy
L2, 334.442, 0, Buffer Occupancy
L2, 334.642, 0, Buffer Occupancy
L2, 335.042, 0, Buffer Occupancy
L2, 335.11, 1024, Buffer Occupancy
L2, 335.642, 0, Buffer Occupancy
L2, 335.942, 0, Buffer Occupancy
L2, 336.21, 0, Buffer Occupancy
L2, 336.242, 64, Buffer Occupancy
L2, 336.81, 0, Buffer Occupancy
L2, 336.842, 64, Buffer Occupancy
L2, 337.342, 0, Buffer Occupancy
L2, 337.71, 0, Buffer Occupancy
L2, 337.742, 64, Buffer Occupancy
L2, 338.21, 0, Buffer Occupancy
L2, 338.342, 0, Buffer Occupancy
L2, 338.81, 0, Buffer Occupancy
L2, 338.842, 64, Buffer Occupancy
L2, 339.41, 0, Buffer Occupancy
L2, 339.442, 64, Buffer Occupancy
L2, 339.842, 0, Buffer Occupancy
L2, 340.31, 0, Buffer Occupancy
L2, 340.342, 64, Buffer Occupancy
L2, 340.742, 0, Buffer Occupancy
L2, 340.81, 1024, Buffer Occupancy
L2, 340.842, 1088, Buffer Occupancy
L2, 340.843, 128, Buffer Occupancy
L2, 341.244, 0, Buffer Occupancy
L2, 341.344, 64, Buffer Occupancy
L2, 341.742, 0, Buffer Occupancy
L2, 342.142, 0, Buffer Occupancy
L2, 342.642, 0, Buffer Occupancy
L2, 343.142, 0, Buffer Occupancy
L2, 343.642, 0, Buffer Occupancy
L2, 344.142, 0, Buffer Occupancy
L2, 344.642, 0, Buffer Occupancy
L2, 345.142, 0, Buffer Occupancy
L2, 345.542, 0, Buffer Occupancy
L2, 345.942, 0, Buffer Occupancy
L2, 346.342, 0, Buffer Occupancy
L2, 346.742, 0, Buffer Occupancy
L2, 347.042, 0, Buffer Occupancy
L2, 347.51, 0, Buffer Occupancy
L2, 347.542, 64, Buffer Occupancy
L2, 348.242, 0, Buffer Occupancy
L2, 348.742, 0, Buffer Occupancy
L2, 349.21, 0, Buffer Occupancy
L2, 349.242, 64, Buffer Occupancy
L2, 349.942, 0, Buffer Occupancy
L2, 350.41, 0, Buffer Occupancy
L2, 350.442, 64, Buffer Occupancy
L2, 351.21, 0, Buffer Occupancy
L2, 351.242, 64, Buffer Occupancy
L2, 351.942, 0, Buffer Occupancy
L2, 352.342, 0, Buffer Occupancy
L2, 352.742, 0, Buffer Occupancy
L2, 353.21, 0, Buffer Occupancy
L2, 353.242, 64, Buffer Occupancy
L2, 353.942, 0, Buffer Occupancy
L2, 354.542, 0, Buffer Occupancy
L2, 354.91, 0, Buffer Occupancy
L2, 354.942, 64, Buffer Occupancy
L2, 355.542, 0, Buffer Occupancy
L2, 355.942, 0, Buffer Occupancy
L2, 356.31, 0, Buffer Occupancy
L2, 356.442, 0, Buffer Occupancy
L2, 357.01, 0, Buffer Occupancy
L2, 357.142, 0, Buffer Occupancy
L2, 357.842, 0, Buffer Occupancy
L2, 358.042, 0, Buffer Occupancy
L2, 358.41, 0, Buffer Occupancy
L2, 358.542, 0, Buffer Occupancy
L2, 359.11, 0, Buffer Occupancy
L2, 359.242, 0, Buffer Occupancy
L2, 359.81, 0, Buffer Occupancy
L2, 359.942, 0, Buffer Occupancy
L2, 360.51, 0, Buffer Occupancy
L2, 360.642, 0, Buffer Occupancy
L2, 360.742, 0, Buffer Occupancy
L2, 360.843, 0, Buffer Occupancy
L2, 360.91, 1024, Buffer Occupancy
L2, 361.144, 0, Buffer Occupancy
L2, 361.344, 0, Buffer Occupancy
L2, 361.61, 0, Buffer Occupancy
L2, 361.742, 0, Buffer Occupancy
L2, 362.342, 0, Buffer Occupancy
L2, 362.81, 0, Buffer Occupancy
L2, 362.842, 64, Buffer Occupancy
L2, 363.442, 0, Buffer Occupancy
L2, 363.81, 0, Buffer Occupancy
L2, 363.842, 64, Buffer Occupancy
L2, 364.51, 0, Buffer Occupancy
L2, 364.542, 64, Buffer Occupancy
L2, 365.142, 0, Buffer Occupancy
L2, 365.51, 0, Buffer Occupancy
L2, 365.542, 64, Buffer Occupancy
L2, 366.242, 0, Buffer Occupancy
L2, 366.642, 0, Buffer Occupancy
L2, 367.01, 0, Buffer Occupancy
L2, 367.142, 0, Buffer Occupancy
L2, 367.81, 0, Buffer Occupancy
L2, 367.842, 64, Buffer Occupancy
L2, 368.542, 0, Buffer Occupancy
L2, 368.91, 0, Buffer Occupancy
L2, 368.942, 64, Buffer Occupancy
L2, 369.61, 0, Buffer Occupancy
L2, 369.642, 64, Buffer Occupancy
L2, 370.31, 0, Buffer Occupancy
L2, 370.442, 0, Buffer Occupancy
L2, 371.01, 0, Buffer Occupancy
L2, 371.042, 64, Buffer Occupancy
L2, 371.742, 0, Buffer Occupancy
L2, 372.142, 0, Buffer Occupancy
L2, 372.51, 0, Buffer Occupancy
L2, 372.642, 0, Buffer Occupancy
L2, 373.242, 0, Buffer Occupancy
L2, 373.642, 0, Buffer Occupancy
L2, 374.042, 0, Buffer Occupancy
L2, 374.442, 0, Buffer Occupancy
L2, 374.842, 0, Buffer Occupancy
L2, 375.21, 0, Buffer Occupancy
L2, 375.342, 0, Buffer Occupancy
L2, 376.01, 0, Buffer Occupancy
L2, 376.042, 64, Buffer Occupancy
L2, 376.742, 0, Buffer Occupancy
L2, 377.142, 0, Buffer Occupancy
L2, 377.542, 0, Buffer Occupancy
L2, 377.81, 0, Buffer Occupancy
L2, 377.942, 0, Buffer Occupancy
L2, 378.542, 0, Buffer Occupancy
L2, 378.942, 0, Buffer Occupancy
L2, 380.442, 0, Buffer Occupancy
L2, 380.842, 0, Buffer Occupancy
L2, 380.943, 0, Buffer Occupancy
L2, 381.242, 0, Buffer Occupancy
L2, 389.542, 0, Buffer Occupancy
L2, 400.91, 0, Buffer Occupancy
L2, 401.011, 0, Buffer Occupancy
L2, 406.91, 0, Buffer Occupancy
L2, 406.942, 64, Buffer Occupancy
L2, 407.81, 0, Buffer Occupancy
L2, 408.442, 0, Buffer Occupancy
L2, 409.442, 0, Buffer Occupancy
L2, 409.742, 0, Buffer Occupancy
L2, 410.342, 0, Buffer Occupancy
L2, 411.442, 0, Buffer Occupancy
L2, 411.842, 0, Buffer Occupancy
L2, 412.642, 0, Buffer Occupancy
L2, 413.642, 0, Buffer Occupancy
L2, 413.942, 0, Buffer Occupancy
L2, 414.042, 64, Buffer Occupancy
L2, 415.042, 0, Buffer Occupancy
L2, 415.41, 0, Buffer Occupancy
L2, 416.242, 0, Buffer Occupancy
L2, 416.542, 0, Buffer Occupancy
L2, 416.642, 64, Buffer Occupancy
L2, 417.342, 0, Buffer Occupancy
L2, 417.742, 0, Buffer Occupancy
L2, 418.41, 0, Buffer Occupancy
L2, 418.61, 0, Buffer Occupancy
L2, 418.71, 1024, Buffer Occupancy
L2, 418.81, 1024, Buffer Occupancy
L2, 419.01, 0, Buffer Occupancy
L2, 419.11, 1024, Buffer Occupancy
L2, 419.142, 64, Buffer Occupancy
L2, 419.31, 1024, Buffer Occupancy
L2, 419.41, 1024, Buffer Occupancy
L2, 419.51, 1024, Buffer Occupancy
L2, 419.631, 0, Buffer Occupancy
L2, 419.71, 1024, Buffer Occupancy
L2, 420.01, 0, Buffer Occupancy
L2, 420.042, 64, Buffer Occupancy
L2, 420.142, 64, Buffer Occupancy
L2, 420.21, 1088, Buffer Occupancy
L2, 420.41, 1024, Buffer Occupancy
L2, 420.442, 64, Buffer Occupancy
L2, 420.71, 0, Buffer Occupancy
L2, 420.81, 1024, Buffer Occupancy
L2, 420.842, 64, Buffer Occupancy
L2, 420.91, 128, Buffer Occupancy
L2, 421.11, 1024, Buffer Occupancy
L2, 421.12, 64, Buffer Occupancy
L2, 421.21, 1088, Buffer Occupancy
L2, 421.321, 64, Buffer Occupancy
L2, 421.41, 1088, Buffer Occupancy
L2, 421.621, 0, Buffer Occupancy
L2, 421.71, 1024, Buffer Occupancy
L2, 421.81, 1024, Buffer Occupancy
L2, 421.921, 64, Buffer Occupancy
L2, 422.021, 64, Buffer Occupancy
L2, 422.11, 1024, Buffer Occupancy
L2, 422.21, 1024, Buffer Occupancy
L2, 422.321, 64, Buffer Occupancy
L2, 422.51, 0, Buffer Occupancy
L2, 422.621, 0, Buffer Occupancy
L2, 422.721, 64, Buffer Occupancy
L2, 422.81, 1024, Buffer Occupancy
L2, 422.942, 0, Buffer Occupancy
L2, 423.11, 0, Buffer Occupancy
L2, 423.142, 64, Buffer Occupancy
L2, 423.41, 0, Buffer Occupancy
L2, 423.442, 64, Buffer Occupancy
L2, 423.542, 64, Buffer Occupancy
L2, 423.71, 1024, Buffer Occupancy
L2, 423.742, 64, Buffer Occupancy
L2, 424.042, 0, Buffer Occupancy
L2, 424.542, 0, Buffer Occupancy
L2, 425.042, 0, Buffer Occupancy
L2, 425.842, 0, Buffer Occupancy
L2, 426.042, 0, Buffer Occupancy
L2, 426.342, 0, Buffer Occupancy
L2, 426.642, 0, Buffer Occupancy
L2, 426.942, 0, Buffer Occupancy
L2, 427.242, 0, Buffer Occupancy
L2, 427.742, 0, Buffer Occupancy
L2, 428.242, 0, Buffer Occupancy
L2, 429.01, 0, Buffer Occupancy
L2, 429.742, 0, Buffer Occupancy
L2, 430.242, 0, Buffer Occupancy
L2, 431.21, 0, Buffer Occupancy
L2, 431.242, 64, Buffer Occupancy
L2, 432.042, 0, Buffer Occupancy
L2, 432.542, 0, Buffer Occupancy
L2, 432.742, 0, Buffer Occupancy
L2, 433.042, 0, Buffer Occupancy
L2, 433.542, 0, Buffer Occupancy
L2, 434.442, 0, Buffer Occupancy
L2, 440.942, 0, Buffer Occupancy
L2, 441.242, 0, Buffer Occupancy
L2, 441.31, 1024, Buffer Occupancy
L2, 441.442, 0, Buffer Occupancy
L2, 452.61, 0, Buffer Occupancy
L2, 452.742, 0, Buffer Occupancy
L2, 454.742, 0, Buffer Occupancy
L2, 456.142, 0, Buffer Occupancy
L2, 456.342, 0, Buffer Occupancy
L2, 456.642, 0, Buffer Occupancy
L2, 456.842, 0, Buffer Occupancy
L2, 457.142, 0, Buffer Occupancy
L2, 457.342, 0, Buffer Occupancy
L2, 457.642, 0, Buffer Occupancy
L2, 457.942, 0, Buffer Occupancy
L2, 458.142, 0, Buffer Occupancy
L2, 458.342, 0, Buffer Occupancy
L2, 458.742, 0, Buffer Occupancy
L2, 459.61, 0, Buffer Occupancy
L2, 460.01, 0, Buffer Occupancy
L2, 460.142, 0, Buffer Occupancy
L2, 460.51, 0, Buffer Occupancy
L2, 460.542, 64, Buffer Occupancy
L2, 460.642, 64, Buffer Occupancy
L2, 461.01, 0, Buffer Occupancy
L2, 461.11, 1024, Buffer Occupancy
L2, 461.242, 0, Buffer Occupancy
L2, 461.242, 64, Buffer Occupancy
L2, 461.41, 1024, Buffer Occupancy
L2, 461.61, 0, Buffer Occupancy
L2, 461.752, 0, Buffer Occupancy
L2, 462.042, 0, Buffer Occupancy
L2, 462.342, 0, Buffer Occupancy
L2, 462.442, 64, Buffer Occupancy
L2, 462.61, 0, Buffer Occupancy
L2, 463.01, 0, Buffer Occupancy
L2, 463.042, 64, Buffer Occupancy
L2, 463.742, 0, Buffer Occupancy
L2, 464.042, 0, Buffer Occupancy
L2, 464.41, 0, Buffer Occupancy
L2, 464.442, 64, Buffer Occupancy
L2, 465.242, 0, Buffer Occupancy
L2, 465.542, 0, Buffer Occupancy
L2, 465.942, 0, Buffer Occupancy
L2, 466.542, 0, Buffer Occupancy
L2, 466.81, 0, Buffer Occupancy
L2, 466.842, 64, Buffer Occupancy
L2, 467.642, 0, Buffer Occupancy
L2, 469.142, 0, Buffer Occupancy
L2, 469.542, 0, Buffer Occupancy
L2, 470.342, 0, Buffer Occupancy
L2, 474.71, 0, Buffer Occupancy
L2, 480.51, 0, Buffer Occupancy
L2, 481.12, 0, Buffer Occupancy
L2, 481.342, 0, Buffer Occupancy
L2, 481.41, 1024, Buffer Occupancy
L2, 481.542, 0, Buffer Occupancy
L2, 483.742, 0, Buffer Occupancy
L2, 484.042, 0, Buffer Occupancy
L2, 486.042, 0, Buffer Occupancy
L2, 486.31, 0, Buffer Occupancy
L2, 486.442, 0, Buffer Occupancy
L2, 486.61, 0, Buffer Occupancy
L2, 486.642, 64, Buffer Occupancy
L2, 486.742, 64, Buffer Occupancy
L2, 487.31, 0, Buffer Occupancy
L2, 487.342, 64, Buffer Occupancy
L2, 487.61, 0, Buffer Occupancy
L2, 488.11, 0, Buffer Occupancy
L2, 488.142, 64, Buffer Occupancy
L2, 488.542, 0, Buffer Occupancy
L2, 489.042, 0, Buffer Occupancy
L2, 489.242, 0, Buffer Occupancy
L2, 489.61, 0, Buffer Occupancy
L2, 489.931, 0, Buffer Occupancy
L2, 490.61, 0, Buffer Occupancy
L2, 490.742, 0, Buffer Occupancy
L2, 491.21, 0, Buffer Occupancy
L2, 492.042, 0, Buffer Occupancy
L2, 492.342, 0, Buffer Occupancy
L2, 492.642, 0, Buffer Occupancy
L2, 496.242, 0, Buffer Occupancy
L2, 500.31, 0, Buffer Occupancy
L2, 500.942, 0, Buffer Occupancy
L2, 501.21, 0, Buffer Occupancy
L2, 501.342, 0, Buffer Occupancy
L2, 501.51, 0, Buffer Occupancy
L2, 502.71, 0, Buffer Occupancy
L2, 504.642, 0, Buffer Occupancy
L2, 505.542, 0, Buffer Occupancy
L2, 506.51, 0, Buffer Occupancy
L2, 506.831, 0, Buffer Occupancy
L2, 507.042, 0, Buffer Occupancy
L2, 507.91, 0, Buffer Occupancy
L2, 508.41, 0, Buffer Occupancy
L2, 509.01, 0, Buffer Occupancy
L2, 509.542, 0, Buffer Occupancy
L2, 509.842, 0, Buffer Occupancy
L2, 510.342, 0, Buffer Occupancy
L2, 511.542, 0, Buffer Occupancy
L2, 511.842, 0, Buffer Occupancy
L2, 516.142, 0, Buffer Occupancy
L2, 518.042, 0, Buffer Occupancy
L2, 518.51, 0, Buffer Occupancy
L2, 519.342, 0, Buffer Occupancy
L2, 520.31, 0, Buffer Occupancy
L2, 521.32, 0, Buffer Occupancy
L2, 521.421, 0, Buffer Occupancy
L2, 521.531, 0, Buffer Occupancy
L2, 521.61, 1024, Buffer Occupancy
L2, 521.742, 0, Buffer Occupancy
L2, 522.642, 0, Buffer Occupancy
L2, 524.542, 0, Buffer Occupancy
L2, 525.242, 0, Buffer Occupancy
L2, 525.642, 0, Buffer Occupancy
L2, 526.81, 0, Buffer Occupancy
L2, 529.31, 0, Buffer Occupancy
L2, 529.342, 64, Buffer Occupancy
L2, 531.142, 0, Buffer Occupancy
L2, 531.842, 0, Buffer Occupancy
L2, 532.342, 0, Buffer Occupancy
L2, 534.71, 0, Buffer Occupancy
L2, 536.342, 0, Buffer Occupancy
L2, 536.91, 0, Buffer Occupancy
L2, 536.942, 64, Buffer Occupancy
L2, 538.01, 0, Buffer Occupancy
L2, 539.042, 0, Buffer Occupancy
L2, 540.542, 0, Buffer Occupancy
L2, 541.11, 0, Buffer Occupancy
L2, 541.431, 0, Buffer Occupancy
L2, 541.52, 64, Buffer Occupancy
L2, 541.531, 128, Buffer Occupancy
L2, 541.842, 0, Buffer Occupancy
L2, 543.542, 0, Buffer Occupancy
L2, 546.042, 0, Buffer Occupancy
L2, 547.275, 0, Buffer Occupancy
L2, 549.042, 0, Buffer Occupancy
